{
    "accuracy": [
        0.9795808704997313,
        0.969412477286493,
        0.987027027027027,
        0.9765528589058001,
        0.9863669859985261,
        0.9796918767507002,
        0.9901849754624387,
        0.9609402004839267
    ],
    "precision": {
        "LR": [
            1.0,
            0.9774436090225563,
            0.9548387096774194,
            0.8457943925233645,
            0.9590643274853801,
            0.9353233830845771,
            0.9963235294117647,
            0.9846153846153847
        ],
        "MST": [
            0.9992248062015504,
            0.992831541218638,
            0.9885167464114832,
            0.9954075774971297,
            0.9816247582205029,
            0.9981900452488688,
            0.9988505747126437,
            0.9830148619957537
        ],
        "TS": [
            0.046875,
            0.35443037974683544,
            0.9333333333333333,
            0.23529411764705882,
            0.92,
            0.49122807017543857,
            0.8170731707317073,
            0.1111111111111111
        ],
        "PSW": [
            0.9883040935672515,
            0.9246987951807228,
            0.9789473684210527,
            0.9877300613496932,
            0.9682539682539683,
            0.9299363057324841,
            0.9617021276595744,
            0.8962655601659751
        ],
        "SW": [
            0.9939686369119421,
            0.9927104042412194,
            0.9912408759124087,
            0.9957118353344768,
            0.9992354740061162,
            0.9977544910179641,
            1.0,
            0.9636871508379888
        ]
    },
    "recall": {
        "LR": [
            0.968421052631579,
            0.9386281588447654,
            0.9548387096774194,
            0.9627659574468085,
            0.9820359281437125,
            0.9740932642487047,
            0.9748201438848921,
            0.9045936395759717
        ],
        "MST": [
            0.9534023668639053,
            0.9568221070811744,
            0.9923150816522575,
            0.958011049723757,
            0.9990157480314961,
            0.9658493870402802,
            0.9852607709750567,
            0.9477993858751279
        ],
        "TS": [
            1.0,
            0.6222222222222222,
            0.6666666666666666,
            0.8,
            0.8117647058823529,
            0.7567567567567568,
            0.9571428571428572,
            0.16666666666666666
        ],
        "PSW": [
            0.9970501474926253,
            0.956386292834891,
            0.9841269841269841,
            0.9640718562874252,
            0.9104477611940298,
            0.9864864864864865,
            0.9912280701754386,
            0.927038626609442
        ],
        "SW": [
            1.0,
            0.9980013324450366,
            0.9919649379108838,
            0.9957118353344768,
            0.9961890243902439,
            0.9977544910179641,
            0.9991603694374476,
            0.9942363112391931
        ]
    },
    "f1": {
        "LR": [
            0.983957219251337,
            0.9576427255985267,
            0.9548387096774194,
            0.900497512437811,
            0.9704142011834319,
            0.9543147208121827,
            0.9854545454545455,
            0.9429097605893186
        ],
        "MST": [
            0.975775927327782,
            0.9744942832014072,
            0.9904122722914669,
            0.9763513513513513,
            0.9902439024390244,
            0.9817534490431686,
            0.9920091324200914,
            0.9650859822824388
        ],
        "TS": [
            0.08955223880597014,
            0.45161290322580644,
            0.7777777777777778,
            0.36363636363636365,
            0.8625,
            0.5957446808510638,
            0.881578947368421,
            0.13333333333333333
        ],
        "PSW": [
            0.9926578560939795,
            0.9402756508422665,
            0.9815303430079155,
            0.9757575757575757,
            0.9384615384615385,
            0.9573770491803278,
            0.9762419006479481,
            0.9113924050632911
        ],
        "SW": [
            0.9969751966122202,
            0.9953488372093023,
            0.9916027747353049,
            0.9957118353344768,
            0.9977099236641221,
            0.9977544910179641,
            0.999580008399832,
            0.9787234042553191
        ]
    },
    "specificity": {
        "LR": [
            1.0,
            0.9980165289256199,
            0.9973282442748092,
            0.9852875613018279,
            0.9972516686297606,
            0.9951182876455126,
            0.9995782370307887,
            0.9984674329501916
        ],
        "MST": [
            0.9995780590717299,
            0.996268656716418,
            0.9930795847750865,
            0.9973787680209698,
            0.9888103651354535,
            0.9988331388564761,
            0.9994340690435767,
            0.9916492693110647
        ],
        "TS": [
            0.983597741328314,
            0.9843414184832668,
            0.9996368917937546,
            0.994641384995878,
            0.99771776340814,
            0.9897126640652714,
            0.9941837921675067,
            0.9944463727872267
        ],
        "PSW": [
            0.998817617499261,
            0.9916135524991614,
            0.9984532095901005,
            0.9991166077738516,
            0.9984496124031008,
            0.9959379615952733,
            0.9962825278810409,
            0.9906015037593985
        ],
        "SW": [
            0.9951783992285439,
            0.9938922820655192,
            0.9914651493598862,
            0.9960474308300395,
            0.9992867332382311,
            0.9980263157894737,
            1.0,
            0.9654485049833887
        ]
    }
}