{
    "accuracy": [
        0.9926470588235294,
        0.9984899962249906,
        0.9861735222951953,
        0.9884918231374924,
        0.9942342342342342,
        0.9946524064171123,
        0.99892530897367,
        0.9937361827560796
    ],
    "precision": {
        "LR": [
            0.9893048128342246,
            0.9963898916967509,
            0.9927007299270073,
            0.9926739926739927,
            0.9806451612903225,
            0.9633507853403142,
            1.0,
            0.9705882352941176
        ],
        "MST": [
            0.9982425307557118,
            0.997737556561086,
            0.995850622406639,
            0.9930615784908933,
            0.9923736892278361,
            1.0,
            1.0,
            0.998025666337611
        ],
        "TS": [
            0.8717948717948718,
            1.0,
            0.3225806451612903,
            0.7192982456140351,
            1.0,
            1.0,
            0.6,
            0.9523809523809523
        ],
        "PSW": [
            0.9673202614379085,
            0.9956331877729258,
            1.0,
            0.9903225806451613,
            0.9792746113989638,
            1.0,
            1.0,
            0.9635036496350365
        ],
        "SW": [
            0.9947722180731889,
            1.0,
            0.9907010014306151,
            0.9940357852882704,
            0.9992679355783309,
            0.9948805460750854,
            0.9987878787878788,
            0.999236641221374
        ]
    },
    "recall": {
        "LR": [
            0.9585492227979274,
            0.9928057553956835,
            0.9611307420494699,
            0.9783393501805054,
            0.9806451612903225,
            0.9787234042553191,
            0.9947368421052631,
            0.9880239520958084
        ],
        "MST": [
            0.9947460595446584,
            1.0,
            0.9825997952917093,
            0.9887737478411054,
            1.0,
            0.9911602209944751,
            0.9985207100591716,
            0.9950787401574803
        ],
        "TS": [
            0.918918918918919,
            0.9857142857142858,
            0.8333333333333334,
            0.9111111111111111,
            0.5714285714285714,
            1.0,
            1.0,
            0.9411764705882353
        ],
        "PSW": [
            1.0,
            1.0,
            0.9699570815450643,
            0.956386292834891,
            1.0,
            0.9940119760479041,
            1.0,
            0.9850746268656716
        ],
        "SW": [
            0.9970059880239521,
            0.9991603694374476,
            0.9978386167146974,
            0.9993337774816788,
            0.9970781592403214,
            1.0,
            1.0,
            0.9977134146341463
        ]
    },
    "f1": {
        "LR": [
            0.9736842105263158,
            0.9945945945945946,
            0.9766606822262118,
            0.9854545454545455,
            0.9806451612903225,
            0.9709762532981531,
            0.9973614775725593,
            0.9792284866468842
        ],
        "MST": [
            0.9964912280701754,
            0.9988674971687429,
            0.9891808346213292,
            0.9909130246646474,
            0.9961722488038277,
            0.9955604883462819,
            0.999259807549963,
            0.9965500246426812
        ],
        "TS": [
            0.8947368421052632,
            0.9928057553956835,
            0.46511627906976744,
            0.803921568627451,
            0.7272727272727273,
            1.0,
            0.75,
            0.9467455621301775
        ],
        "PSW": [
            0.9833887043189369,
            0.9978118161925602,
            0.9847494553376906,
            0.9730586370839936,
            0.9895287958115183,
            0.996996996996997,
            1.0,
            0.974169741697417
        ],
        "SW": [
            0.9958878504672897,
            0.999580008399832,
            0.994256999282125,
            0.9966777408637874,
            0.9981718464351006,
            0.9974337040205303,
            0.9993935718617344,
            0.9984744469870328
        ]
    },
    "specificity": {
        "LR": [
            0.9992489673300788,
            0.9995782370307887,
            0.9992337164750957,
            0.9993388429752066,
            0.998854961832061,
            0.9968791796700847,
            1.0,
            0.9980369061641147
        ],
        "MST": [
            0.9988331388564761,
            0.9988681380871534,
            0.9979123173277662,
            0.996268656716418,
            0.9953863898500577,
            1.0,
            1.0,
            0.9988221436984688
        ],
        "TS": [
            0.998226321390564,
            1.0,
            0.992710864283235,
            0.9950875038378876,
            1.0,
            1.0,
            0.9994622210271579,
            0.99847850893876
        ],
        "PSW": [
            0.9981536189069424,
            0.9995869475423379,
            1.0,
            0.9989936262998994,
            0.9984532095901005,
            1.0,
            1.0,
            0.998062015503876
        ],
        "SW": [
            0.9953947368421052,
            1.0,
            0.9913621262458472,
            0.9950027762354248,
            0.9992887624466572,
            0.9952569169960475,
            0.9990356798457087,
            0.9992867332382311
        ]
    }
}