{
    "accuracy": [
        0.9609402004839267,
        0.9959699086512628,
        0.9938738738738738,
        0.9909502262443439,
        0.9941046425939573,
        0.9909145972138098,
        0.9962249905624764,
        0.9912464985994398
    ],
    "precision": {
        "LR": [
            1.0,
            1.0,
            0.927710843373494,
            0.9891891891891892,
            0.9595375722543352,
            0.9819494584837545,
            0.9927272727272727,
            0.9947089947089947
        ],
        "MST": [
            0.983402489626556,
            1.0,
            1.0,
            0.9988776655443322,
            0.9990128331688055,
            0.9948453608247423,
            0.9977324263038548,
            0.9964633068081344
        ],
        "TS": [
            0.24324324324324326,
            0.2727272727272727,
            1.0,
            1.0,
            0.9878048780487805,
            0.84,
            1.0,
            0.6938775510204082
        ],
        "PSW": [
            0.8185053380782918,
            0.9970588235294118,
            0.9836065573770492,
            0.9277777777777778,
            0.9492753623188406,
            0.9966777408637874,
            0.9826839826839827,
            0.98
        ],
        "SW": [
            0.9871060171919771,
            0.9963724304715841,
            0.9985380116959064,
            0.9948717948717949,
            1.0,
            0.9933774834437086,
            0.9983221476510067,
            0.9985041136873598
        ]
    },
    "recall": {
        "LR": [
            0.7597173144876325,
            0.9842105263157894,
            0.9935483870967742,
            0.973404255319149,
            0.9940119760479041,
            0.9819494584837545,
            0.9820143884892086,
            0.9740932642487047
        ],
        "MST": [
            0.970317297850563,
            0.9933431952662722,
            1.0,
            0.9834254143646409,
            0.9960629921259843,
            1.0,
            0.9977324263038548,
            0.9868651488616462
        ],
        "TS": [
            0.75,
            1.0,
            0.8095238095238095,
            1.0,
            0.9529411764705882,
            0.9333333333333333,
            0.9857142857142858,
            0.918918918918919
        ],
        "PSW": [
            0.9871244635193133,
            1.0,
            0.9523809523809523,
            1.0,
            0.9776119402985075,
            0.9345794392523364,
            0.9956140350877193,
            0.9932432432432432
        ],
        "SW": [
            0.9927953890489913,
            1.0,
            0.997808619430241,
            0.9982847341337907,
            0.9969512195121951,
            0.9993337774816788,
            0.9991603694374476,
            0.999251497005988
        ]
    },
    "f1": {
        "LR": [
            0.8634538152610441,
            0.9920424403183024,
            0.9595015576323987,
            0.9812332439678284,
            0.9764705882352941,
            0.9819494584837545,
            0.9873417721518988,
            0.9842931937172775
        ],
        "MST": [
            0.9768160741885626,
            0.9966604823747681,
            1.0,
            0.9910913140311804,
            0.9975357318876293,
            0.9974160206718347,
            0.9977324263038548,
            0.9916410030796304
        ],
        "TS": [
            0.3673469387755102,
            0.42857142857142855,
            0.8947368421052632,
            1.0,
            0.9700598802395209,
            0.8842105263157894,
            0.9928057553956835,
            0.7906976744186046
        ],
        "PSW": [
            0.8949416342412452,
            0.9985272459499264,
            0.967741935483871,
            0.962536023054755,
            0.9632352941176471,
            0.9646302250803859,
            0.9891067538126361,
            0.9865771812080537
        ],
        "SW": [
            0.9899425287356322,
            0.9981829194427619,
            0.9981731823164048,
            0.9965753424657534,
            0.9984732824427481,
            0.9963467286615743,
            0.9987410826689047,
            0.9988776655443322
        ]
    },
    "specificity": {
        "LR": [
            1.0,
            1.0,
            0.9954198473282443,
            0.9991083370485956,
            0.9972516686297606,
            0.9983471074380166,
            0.9991564740615774,
            0.9996244836650394
        ],
        "MST": [
            0.9916492693110647,
            1.0,
            1.0,
            0.9993446920052425,
            0.9994110718492344,
            0.9972014925373134,
            0.9988681380871534,
            0.9976662777129521
        ],
        "TS": [
            0.9902811523776467,
            0.9978488841086314,
            1.0,
            1.0,
            0.99961962723469,
            0.9975437519189438,
            1.0,
            0.9946789641716921
        ],
        "PSW": [
            0.9808270676691729,
            0.9997044043748152,
            0.9988399071925754,
            0.9942579505300353,
            0.9972868217054264,
            0.9996645420999665,
            0.9983477901693515,
            0.9988921713441654
        ],
        "SW": [
            0.9880398671096345,
            0.9971070395371263,
            0.9985775248933144,
            0.9952569169960475,
            1.0,
            0.994447529150472,
            0.9986282578875172,
            0.9986842105263158
        ]
    }
}