{
    "accuracy": [
        0.9894003634161115,
        0.9962249905624764,
        0.9960360360360361,
        0.9947478991596639,
        0.9967091731797614,
        0.994473102431835,
        0.9740753543034912,
        0.9970445996775927
    ],
    "precision": {
        "LR": [
            0.989010989010989,
            0.9963636363636363,
            0.9567901234567902,
            0.9947089947089947,
            1.0,
            0.9761904761904762,
            0.9918032786885246,
            0.9946808510638298
        ],
        "MST": [
            0.996524761077324,
            0.9977324263038548,
            1.0,
            1.0,
            0.9977851605758582,
            0.9980314960629921,
            0.9958071278825996,
            0.9985218033998522
        ],
        "TS": [
            0.6984126984126984,
            1.0,
            1.0,
            0.8536585365853658,
            1.0,
            0.9875,
            0.34375,
            0.75
        ],
        "PSW": [
            0.9967320261437909,
            0.9826839826839827,
            0.9789473684210527,
            0.98,
            0.9766081871345029,
            0.9565217391304348,
            0.8587360594795539,
            0.9970238095238095
        ],
        "SW": [
            0.9946984758117959,
            0.99748322147651,
            1.0,
            0.9962714392244594,
            0.9982847341337907,
            0.9984756097560976,
            0.9928263988522238,
            0.9969751966122202
        ]
    },
    "recall": {
        "LR": [
            0.9747292418772563,
            0.9856115107913669,
            1.0,
            0.9740932642487047,
            0.9893617021276596,
            0.9820359281437125,
            0.8551236749116607,
            0.9842105263157894
        ],
        "MST": [
            0.9905008635578584,
            0.9977324263038548,
            1.0,
            0.9938704028021016,
            0.9955801104972376,
            0.9980314960629921,
            0.9723643807574207,
            0.9992603550295858
        ],
        "TS": [
            0.9777777777777777,
            0.9857142857142858,
            0.8095238095238095,
            0.9459459459459459,
            1.0,
            0.9294117647058824,
            0.9166666666666666,
            1.0
        ],
        "PSW": [
            0.9501557632398754,
            0.9956140350877193,
            0.9841269841269841,
            0.9932432432432432,
            1.0,
            0.9850746268656716,
            0.9914163090128756,
            0.9882005899705014
        ],
        "SW": [
            1.0,
            0.998320738874895,
            0.9970781592403214,
            1.0,
            0.9982847341337907,
            0.9984756097560976,
            0.9971181556195965,
            1.0
        ]
    },
    "f1": {
        "LR": [
            0.9818181818181818,
            0.9909584086799277,
            0.9779179810725552,
            0.9842931937172775,
            0.9946524064171123,
            0.9791044776119403,
            0.9184060721062619,
            0.9894179894179894
        ],
        "MST": [
            0.9935036812472932,
            0.9977324263038548,
            1.0,
            0.9969257795344751,
            0.9966814159292036,
            0.9980314960629921,
            0.983946141895391,
            0.9988909426987062
        ],
        "TS": [
            0.8148148148148148,
            0.9928057553956835,
            0.8947368421052632,
            0.8974358974358975,
            1.0,
            0.9575757575757575,
            0.5,
            0.8571428571428571
        ],
        "PSW": [
            0.9728867623604466,
            0.9891067538126361,
            0.9815303430079155,
            0.9865771812080537,
            0.9881656804733728,
            0.9705882352941176,
            0.9203187250996016,
            0.9925925925925926
        ],
        "SW": [
            0.9973421926910299,
            0.9979018044481746,
            0.9985369422092173,
            0.9981322375793799,
            0.9982847341337907,
            0.9984756097560976,
            0.9949676491732566,
            0.998485307482581
        ]
    },
    "specificity": {
        "LR": [
            0.9990082644628099,
            0.9995782370307887,
            0.9973282442748092,
            0.9996244836650394,
            1.0,
            0.9984295249312917,
            0.9992337164750957,
            0.9994015559545183
        ],
        "MST": [
            0.9981343283582089,
            0.9988681380871534,
            1.0,
            1.0,
            0.9986893840104849,
            0.9988221436984688,
            0.9979123173277662,
            0.99915611814346
        ],
        "TS": [
            0.9941664108074916,
            1.0,
            1.0,
            0.9978715856686768,
            1.0,
            0.99961962723469,
            0.992710864283235,
            0.9997311105135789
        ],
        "PSW": [
            0.9996645420999665,
            0.9983477901693515,
            0.9984532095901005,
            0.9988921713441654,
            0.9982332155477032,
            0.9976744186046511,
            0.9857142857142858,
            0.9997044043748152
        ],
        "SW": [
            0.9955580233203776,
            0.9979423868312757,
            1.0,
            0.9967105263157895,
            0.9984189723320158,
            0.9985734664764622,
            0.9933554817275747,
            0.997589199614272
        ]
    }
}