{
    "accuracy": [
        0.9856549641374104,
        0.992296918767507,
        0.9982716902868994,
        0.9959469417833456,
        0.9979432332373509,
        0.9924288310115081,
        0.992072072072072,
        0.99892530897367
    ],
    "precision": {
        "LR": [
            0.9810606060606061,
            0.9836956521739131,
            0.9964664310954063,
            0.9821428571428571,
            1.0,
            0.9578947368421052,
            0.8994082840236687,
            1.0
        ],
        "MST": [
            0.9809843400447428,
            0.9938650306748467,
            1.0,
            0.9980295566502463,
            0.9988962472406181,
            0.9974137931034482,
            0.9980525803310614,
            1.0
        ],
        "TS": [
            0.9459459459459459,
            0.8604651162790697,
            0.9230769230769231,
            1.0,
            0.8333333333333334,
            0.88,
            0.9130434782608695,
            0.75
        ],
        "PSW": [
            0.9953703703703703,
            0.9931972789115646,
            0.9956896551724138,
            0.9637681159420289,
            1.0,
            0.9966996699669967,
            1.0,
            1.0
        ],
        "SW": [
            0.9908409658617818,
            0.9962714392244594,
            0.9985590778097982,
            0.9992372234935164,
            0.9974337040205303,
            0.9980053191489362,
            0.9992695398100804,
            0.9981829194427619
        ]
    },
    "recall": {
        "LR": [
            0.9316546762589928,
            0.9378238341968912,
            0.9964664310954063,
            0.9880239520958084,
            0.9787234042553191,
            0.9855595667870036,
            0.9806451612903225,
            0.9921052631578947
        ],
        "MST": [
            0.9943310657596371,
            0.9929947460595446,
            1.0,
            0.9970472440944882,
            1.0,
            0.9991364421416234,
            0.9846301633045149,
            0.9992603550295858
        ],
        "TS": [
            1.0,
            1.0,
            1.0,
            0.9647058823529412,
            1.0,
            0.9777777777777777,
            1.0,
            1.0
        ],
        "PSW": [
            0.9429824561403509,
            0.9864864864864865,
            0.9914163090128756,
            0.9925373134328358,
            0.9940119760479041,
            0.940809968847352,
            0.9894179894179894,
            1.0
        ],
        "SW": [
            0.9991603694374476,
            1.0,
            0.9985590778097982,
            0.9984756097560976,
            1.0,
            1.0,
            0.9992695398100804,
            1.0
        ]
    },
    "f1": {
        "LR": [
            0.955719557195572,
            0.9602122015915119,
            0.9964664310954063,
            0.9850746268656716,
            0.989247311827957,
            0.9715302491103203,
            0.9382716049382716,
            0.9960369881109643
        ],
        "MST": [
            0.9876126126126126,
            0.9934296977660972,
            1.0,
            0.9975381585425899,
            0.9994478188845941,
            0.998274374460742,
            0.9912959381044487,
            0.9996300406955235
        ],
        "TS": [
            0.9722222222222222,
            0.925,
            0.96,
            0.9820359281437125,
            0.9090909090909091,
            0.9263157894736842,
            0.9545454545454546,
            0.8571428571428571
        ],
        "PSW": [
            0.9684684684684685,
            0.9898305084745763,
            0.9935483870967742,
            0.9779411764705882,
            0.996996996996997,
            0.967948717948718,
            0.9946808510638298,
            1.0
        ],
        "SW": [
            0.9949832775919732,
            0.9981322375793799,
            0.9985590778097982,
            0.9988562714449104,
            0.9987152034261242,
            0.9990016638935109,
            0.9992695398100804,
            0.9990906335253107
        ]
    },
    "specificity": {
        "LR": [
            0.9978911851539435,
            0.9988734509951183,
            0.9996168582375479,
            0.9988221436984688,
            1.0,
            0.9960330578512396,
            0.9935114503816794,
            1.0
        ],
        "MST": [
            0.9903791737408036,
            0.9959159859976663,
            1.0,
            0.9988221436984688,
            0.9993446920052425,
            0.9986007462686567,
            0.9988465974625144,
            1.0
        ],
        "TS": [
            0.9984490112446684,
            0.9978715856686768,
            0.9996528982992017,
            1.0,
            0.9995877988458368,
            0.9981578139392079,
            0.9992737835875091,
            0.9997311105135789
        ],
        "PSW": [
            0.9995869475423379,
            0.9996307237813885,
            0.999624060150376,
            0.998062015503876,
            1.0,
            0.9996645420999665,
            1.0,
            1.0
        ],
        "SW": [
            0.9924554183813443,
            0.9967105263157895,
            0.998671096345515,
            0.9992867332382311,
            0.9976284584980237,
            0.9983342587451416,
            0.9992887624466572,
            0.9985535197685632
        ]
    }
}