{
    "accuracy": [
        0.9124126813541107,
        0.8378776713338246,
        0.8082295205738015,
        0.8634635326650536,
        0.8735994397759104,
        0.897573015220074,
        0.8761356753482737,
        0.8854054054054054
    ],
    "precision": {
        "LR": [
            0.9781931464174455,
            0.6653061224489796,
            0.7624309392265194,
            0.8983050847457628,
            0.7783505154639175,
            0.788235294117647,
            0.8333333333333334,
            0.7035175879396985
        ],
        "MST": [
            0.9464285714285714,
            0.9946452476572959,
            0.8298397040690506,
            0.9478609625668449,
            0.9556025369978859,
            0.9350180505415162,
            0.927289896128423,
            0.9830124575311439
        ],
        "TS": [
            0.0106951871657754,
            0.042105263157894736,
            0.15289256198347106,
            0.011363636363636364,
            0.028688524590163935,
            0.0234375,
            0.16981132075471697,
            0.03888888888888889
        ],
        "PSW": [
            0.9963503649635036,
            0.6331658291457286,
            0.8135593220338984,
            0.9296482412060302,
            0.8165680473372781,
            0.9787234042553191,
            0.9457013574660633,
            0.903448275862069
        ],
        "SW": [
            0.9607728337236534,
            0.9935379644588045,
            0.9281098546042004,
            0.9632299927901946,
            0.9938603223330775,
            0.9732988802756245,
            0.9337579617834395,
            0.9583333333333334
        ]
    },
    "recall": {
        "LR": [
            0.8263157894736842,
            0.9760479041916168,
            0.49640287769784175,
            0.9363957597173145,
            0.7823834196891192,
            0.7127659574468085,
            0.7220216606498195,
            0.9032258064516129
        ],
        "MST": [
            0.8624260355029586,
            0.7312992125984252,
            0.7630385487528345,
            0.7256908904810645,
            0.7915936952714536,
            0.8585635359116022,
            0.8480138169257341,
            0.8338136407300673
        ],
        "TS": [
            0.6666666666666666,
            0.1411764705882353,
            0.5285714285714286,
            0.25,
            0.1891891891891892,
            0.6,
            0.8,
            0.3333333333333333
        ],
        "PSW": [
            0.8053097345132744,
            0.9402985074626866,
            0.631578947368421,
            0.7939914163090128,
            0.9324324324324325,
            0.8263473053892215,
            0.6510903426791277,
            0.6931216931216931
        ],
        "SW": [
            0.995752427184466,
            0.9375,
            0.964735516372796,
            0.962536023054755,
            0.969311377245509,
            0.9691252144082333,
            0.9766822118587608,
            0.9576333089846604
        ]
    },
    "f1": {
        "LR": [
            0.8958630527817404,
            0.7912621359223301,
            0.6013071895424836,
            0.916955017301038,
            0.7803617571059431,
            0.7486033519553073,
            0.7736943907156673,
            0.7909604519774012
        ],
        "MST": [
            0.9024767801857585,
            0.8428814520703346,
            0.7950383933845245,
            0.8220289855072463,
            0.8659003831417624,
            0.8951612903225806,
            0.8858818222823636,
            0.9022869022869023
        ],
        "TS": [
            0.021052631578947368,
            0.06486486486486487,
            0.23717948717948717,
            0.021739130434782608,
            0.0498220640569395,
            0.045112781954887216,
            0.2801556420233463,
            0.06965174129353234
        ],
        "PSW": [
            0.8907014681892332,
            0.7567567567567568,
            0.7111111111111111,
            0.8564814814814815,
            0.8706624605678234,
            0.8961038961038961,
            0.7712177121771218,
            0.7844311377245509
        ],
        "SW": [
            0.9779499404052443,
            0.9647058823529412,
            0.946068340881021,
            0.9628828828828829,
            0.9814323607427056,
            0.9712075633863343,
            0.954737870400521,
            0.957983193277311
        ]
    },
    "specificity": {
        "LR": [
            0.9979054458408139,
            0.9678052610914801,
            0.981864192323914,
            0.9885057471264368,
            0.9838527975966954,
            0.9839500668747213,
            0.9867768595041322,
            0.9774809160305343
        ],
        "MST": [
            0.9721518987341772,
            0.9976442873969376,
            0.9219015280135824,
            0.9796450939457203,
            0.9754959159859977,
            0.9646133682830931,
            0.9640858208955224,
            0.9913494809688581
        ],
        "TS": [
            0.9502554450121,
            0.896158235070369,
            0.9205118262892594,
            0.9094064560916348,
            0.915927633912735,
            0.948474855729596,
            0.9459625422167639,
            0.9371822803195352
        ],
        "PSW": [
            0.9997044043748152,
            0.9717054263565892,
            0.9863692688971499,
            0.9947368421052631,
            0.9885524372230429,
            0.9986749116607774,
            0.9959745051995974,
            0.9945862335653519
        ],
        "SW": [
            0.967695274831244,
            0.9942938659058488,
            0.9389574759945131,
            0.9661129568106313,
            0.9947368421052631,
            0.9754940711462451,
            0.9422543031649084,
            0.9594594594594594
        ]
    }
}