{
    "accuracy": [
        0.9983545865898807,
        0.9964985994397759,
        0.9927316777710479,
        0.9943374858437146,
        0.9868648461804356,
        0.9945945945945946,
        0.9965072541644278,
        0.9926308032424466
    ],
    "precision": {
        "LR": [
            0.9894179894179894,
            0.9947643979057592,
            0.9618055555555556,
            0.9891696750902527,
            0.9962962962962963,
            0.9325153374233128,
            1.0,
            0.9485714285714286
        ],
        "MST": [
            0.9988950276243094,
            0.9991204925241864,
            0.9965576592082617,
            0.9954853273137697,
            0.9711729622266402,
            0.9971264367816092,
            0.9941133186166299,
            0.9990108803165183
        ],
        "TS": [
            1.0,
            0.8780487804878049,
            0.9090909090909091,
            1.0,
            1.0,
            1.0,
            0.75,
            0.9523809523809523
        ],
        "PSW": [
            1.0,
            0.9932885906040269,
            0.9966996699669967,
            0.9954954954954955,
            1.0,
            0.9947368421052631,
            1.0,
            0.9635036496350365
        ],
        "SW": [
            0.9991416309012876,
            0.9985052316890882,
            0.9973421926910299,
            0.994142259414226,
            0.9941818181818182,
            1.0,
            0.9975786924939467,
            0.9992348890589136
        ]
    },
    "recall": {
        "LR": [
            0.9946808510638298,
            0.9844559585492227,
            1.0,
            0.9856115107913669,
            0.950530035335689,
            0.9806451612903225,
            0.968421052631579,
            0.9940119760479041
        ],
        "MST": [
            0.9988950276243094,
            0.9947460595446584,
            1.0,
            1.0,
            1.0,
            1.0,
            0.9992603550295858,
            0.9940944881889764
        ],
        "TS": [
            1.0,
            0.972972972972973,
            0.8888888888888888,
            0.9857142857142858,
            1.0,
            0.9523809523809523,
            1.0,
            0.9411764705882353
        ],
        "PSW": [
            1.0,
            1.0,
            0.940809968847352,
            0.9692982456140351,
            0.9871244635193133,
            1.0,
            1.0,
            0.9850746268656716
        ],
        "SW": [
            0.9982847341337907,
            1.0,
            1.0,
            0.9974811083123426,
            0.9848703170028819,
            0.9919649379108838,
            1.0,
            0.9954268292682927
        ]
    },
    "f1": {
        "LR": [
            0.9920424403183024,
            0.9895833333333334,
            0.9805309734513274,
            0.9873873873873874,
            0.972875226039783,
            0.9559748427672956,
            0.983957219251337,
            0.9707602339181286
        ],
        "MST": [
            0.9988950276243094,
            0.9969284774023695,
            0.9982758620689656,
            0.997737556561086,
            0.9853756933938477,
            0.9985611510791367,
            0.9966801918111398,
            0.9965466206216083
        ],
        "TS": [
            1.0,
            0.9230769230769231,
            0.898876404494382,
            0.9928057553956835,
            1.0,
            0.975609756097561,
            0.8571428571428571,
            0.9467455621301775
        ],
        "PSW": [
            1.0,
            0.9966329966329966,
            0.967948717948718,
            0.9822222222222222,
            0.9935205183585313,
            0.9973614775725593,
            1.0,
            0.974169741697417
        ],
        "SW": [
            0.9987129987129987,
            0.9992520568436799,
            0.9986693280106453,
            0.9958088851634534,
            0.9895041621425986,
            0.995966263292996,
            0.9987878787878788,
            0.9973272241313479
        ]
    },
    "specificity": {
        "LR": [
            0.9991083370485956,
            0.9996244836650394,
            0.9963636363636363,
            0.9987347110923661,
            0.9996168582375479,
            0.9958015267175573,
            1.0,
            0.9964664310954063
        ],
        "MST": [
            0.9993446920052425,
            0.9994165694282381,
            0.9981343283582089,
            0.9977362761743067,
            0.9848643006263048,
            0.9982698961937716,
            0.9966244725738397,
            0.9994110718492344
        ],
        "TS": [
            1.0,
            0.998226321390564,
            0.9987718759594719,
            1.0,
            1.0,
            1.0,
            0.9997311105135789,
            0.99847850893876
        ],
        "PSW": [
            1.0,
            0.9996307237813885,
            0.9996645420999665,
            0.9995869475423379,
            1.0,
            0.9996133023975251,
            1.0,
            0.998062015503876
        ],
        "SW": [
            0.9992094861660079,
            0.9986842105263158,
            0.9977790116601888,
            0.99519890260631,
            0.9946843853820598,
            1.0,
            0.9980713596914176,
            0.9992867332382311
        ]
    }
}