{
    "accuracy": [
        0.8275862068965517,
        0.6582491582491582,
        0.7794316644113667,
        0.7132667617689016,
        0.8146341463414634,
        0.8293478260869566
    ],
    "precision": {
        "LR": [
            0.8461538461538461,
            0.8571428571428571,
            0.9642857142857143,
            1.0,
            0.5,
            1.0
        ],
        "MST": [
            1.0,
            1.0,
            0.9861751152073732,
            0.9948453608247423,
            0.995,
            1.0
        ],
        "TS": [
            0.0,
            0.0,
            0.0,
            0.0,
            0.0,
            0.0
        ],
        "PSW": [
            1.0,
            1.0,
            1.0,
            1.0,
            1.0,
            0.0
        ],
        "SW": [
            0.7455357142857143,
            0.5213270142180095,
            0.6762295081967213,
            0.5850622406639004,
            0.7295285359801489,
            0.7467741935483871
        ]
    },
    "recall": {
        "LR": [
            0.3142857142857143,
            0.056074766355140186,
            0.27,
            0.22857142857142856,
            0.01818181818181818,
            0.20481927710843373
        ],
        "MST": [
            1.0,
            0.9404761904761905,
            0.9727272727272728,
            0.9897435897435898,
            0.995,
            0.9860627177700348
        ],
        "TS": [
            0.0,
            0.0,
            0.0,
            0.0,
            0.0,
            0.0
        ],
        "PSW": [
            0.05405405405405406,
            0.07216494845360824,
            0.058823529411764705,
            0.008620689655172414,
            0.1111111111111111,
            0.0
        ],
        "SW": [
            1.0,
            1.0,
            0.9880239520958084,
            0.9964664310954063,
            0.98989898989899,
            1.0
        ]
    },
    "f1": {
        "LR": [
            0.4583333333333333,
            0.10526315789473684,
            0.421875,
            0.37209302325581395,
            0.03508771929824561,
            0.34
        ],
        "MST": [
            1.0,
            0.9693251533742331,
            0.9794050343249427,
            0.9922879177377892,
            0.995,
            0.9929824561403509
        ],
        "TS": [
            0.0,
            0.0,
            0.0,
            0.0,
            0.0,
            0.0
        ],
        "PSW": [
            0.10256410256410256,
            0.1346153846153846,
            0.1111111111111111,
            0.017094017094017096,
            0.2,
            0.0
        ],
        "SW": [
            0.8542199488491049,
            0.6853582554517134,
            0.8029197080291971,
            0.7372549019607844,
            0.84,
            0.8550323176361958
        ]
    },
    "specificity": {
        "LR": [
            0.9936102236421726,
            0.997946611909651,
            0.9984350547730829,
            1.0,
            0.9982142857142857,
            1.0
        ],
        "MST": [
            1.0,
            1.0,
            0.9942196531791907,
            0.9980237154150198,
            0.9975903614457832,
            1.0
        ],
        "TS": [
            0.9971181556195965,
            1.0,
            0.9986468200270636,
            1.0,
            0.9951219512195122,
            1.0
        ],
        "PSW": [
            1.0,
            1.0,
            1.0,
            1.0,
            1.0,
            1.0
        ],
        "SW": [
            0.6850828729281768,
            0.45989304812834225,
            0.6098765432098765,
            0.5215311004784688,
            0.6572327044025157,
            0.6564551422319475
        ]
    }
}