{
    "accuracy": [
        0.7428958051420839,
        0.6548821548821548,
        0.68188302425107,
        0.7931034482758621,
        0.8173913043478261,
        0.808130081300813
    ],
    "precision": {
        "LR": [
            0.0,
            1.0,
            0.0,
            0.0,
            0.0,
            0.0
        ],
        "MST": [
            0.9356223175965666,
            0.9698795180722891,
            0.9554455445544554,
            0.9818181818181818,
            0.9595959595959596,
            0.9049773755656109
        ],
        "TS": [
            0.0,
            0.025,
            0.03333333333333333,
            0.0625,
            0.08695652173913043,
            0.0
        ],
        "PSW": [
            0.0,
            0.5555555555555556,
            0.0,
            0.0,
            0.0,
            0.0
        ],
        "SW": [
            0.7323008849557522,
            0.650887573964497,
            0.6446469248291572,
            0.759090909090909,
            0.8038194444444444,
            0.8204419889502762
        ]
    },
    "recall": {
        "LR": [
            0.0,
            0.009345794392523364,
            0.0,
            0.0,
            0.0,
            0.0
        ],
        "MST": [
            0.990909090909091,
            0.9583333333333334,
            0.9897435897435898,
            1.0,
            0.9930313588850174,
            1.0
        ],
        "TS": [
            0.0,
            1.0,
            1.0,
            1.0,
            1.0,
            0.0
        ],
        "PSW": [
            0.0,
            0.05154639175257732,
            0.0,
            0.0,
            0.0,
            0.0
        ],
        "SW": [
            0.9910179640718563,
            1.0,
            1.0,
            1.0,
            1.0,
            1.0
        ]
    },
    "f1": {
        "LR": [
            0.0,
            0.018518518518518517,
            0.0,
            0.0,
            0.0,
            0.0
        ],
        "MST": [
            0.9624724061810155,
            0.9640718562874252,
            0.9722921914357683,
            0.9908256880733946,
            0.976027397260274,
            0.9501187648456056
        ],
        "TS": [
            0.0,
            0.04878048780487805,
            0.06451612903225806,
            0.11764705882352941,
            0.16,
            0.0
        ],
        "PSW": [
            0.0,
            0.09433962264150944,
            0.0,
            0.0,
            0.0,
            0.0
        ],
        "SW": [
            0.8422391857506362,
            0.7885304659498208,
            0.7839335180055401,
            0.8630490956072352,
            0.8912415784408084,
            0.9013657056145675
        ]
    },
    "specificity": {
        "LR": [
            0.9968701095461658,
            1.0,
            1.0,
            1.0,
            1.0,
            0.9964285714285714
        ],
        "MST": [
            0.9710982658959537,
            0.9882629107981221,
            0.9822134387351779,
            0.9916666666666667,
            0.981042654028436,
            0.9493975903614458
        ],
        "TS": [
            0.93234100135318,
            0.8682432432432432,
            0.9170243204577968,
            0.9567723342939481,
            0.9541484716157205,
            0.9512195121951219
        ],
        "PSW": [
            0.9969418960244648,
            0.9919517102615694,
            1.0,
            0.9935691318327974,
            0.998805256869773,
            1.0
        ],
        "SW": [
            0.7012345679012346,
            0.6844919786096256,
            0.6267942583732058,
            0.7071823204419889,
            0.7527352297592997,
            0.7955974842767296
        ]
    }
}