{
    "accuracy": [
        0.9224137931034483,
        0.8373751783166904,
        0.8985115020297699,
        0.8484848484848485,
        0.8945652173913043,
        0.9073170731707317
    ],
    "precision": {
        "LR": [
            0.9166666666666666,
            0.8015873015873016,
            0.732824427480916,
            0.828125,
            0.7522935779816514,
            0.726027397260274
        ],
        "MST": [
            0.9818181818181818,
            0.9798994974874372,
            0.9606986899563319,
            0.9761904761904762,
            0.9795221843003413,
            0.9389671361502347
        ],
        "TS": [
            0.05263157894736842,
            0.023529411764705882,
            0.0,
            0.03389830508474576,
            0.058823529411764705,
            0.0
        ],
        "PSW": [
            1.0,
            1.0,
            1.0,
            1.0,
            1.0,
            1.0
        ],
        "SW": [
            0.9763313609467456,
            0.9929577464788732,
            0.9939024390243902,
            0.9678899082568807,
            1.0,
            0.9761092150170648
        ]
    },
    "recall": {
        "LR": [
            0.9428571428571428,
            0.9619047619047619,
            0.96,
            0.9906542056074766,
            0.9879518072289156,
            0.9636363636363636
        ],
        "MST": [
            1.0,
            1.0,
            1.0,
            0.9761904761904762,
            1.0,
            1.0
        ],
        "TS": [
            1.0,
            1.0,
            0.0,
            1.0,
            1.0,
            0.0
        ],
        "PSW": [
            0.3783783783783784,
            0.0603448275862069,
            0.25882352941176473,
            0.21649484536082475,
            0.012048192771084338,
            0.30158730158730157
        ],
        "SW": [
            0.9880239520958084,
            0.9964664310954063,
            0.9760479041916168,
            0.9590909090909091,
            0.9697624190064795,
            0.9629629629629629
        ]
    },
    "f1": {
        "LR": [
            0.9295774647887324,
            0.8744588744588745,
            0.8311688311688312,
            0.902127659574468,
            0.8541666666666666,
            0.828125
        ],
        "MST": [
            0.9908256880733946,
            0.9898477157360406,
            0.9799554565701559,
            0.9761904761904762,
            0.9896551724137931,
            0.9685230024213075
        ],
        "TS": [
            0.1,
            0.04597701149425287,
            0.0,
            0.06557377049180328,
            0.1111111111111111,
            0.0
        ],
        "PSW": [
            0.5490196078431373,
            0.11382113821138211,
            0.411214953271028,
            0.3559322033898305,
            0.023809523809523808,
            0.4634146341463415
        ],
        "SW": [
            0.9821428571428571,
            0.9947089947089947,
            0.9848942598187311,
            0.9634703196347032,
            0.9846491228070176,
            0.9694915254237289
        ]
    },
    "specificity": {
        "LR": [
            0.9904153354632588,
            0.9580536912751678,
            0.945226917057903,
            0.9548254620123203,
            0.967741935483871,
            0.9642857142857143
        ],
        "MST": [
            0.9916666666666667,
            0.9920948616600791,
            0.9826589595375722,
            0.9906103286384976,
            0.990521327014218,
            0.9686746987951808
        ],
        "TS": [
            0.9481268011527377,
            0.8812589413447782,
            0.9607577807848444,
            0.9037162162162162,
            0.9301310043668122,
            0.9723577235772358
        ],
        "PSW": [
            1.0,
            1.0,
            1.0,
            1.0,
            1.0,
            1.0
        ],
        "SW": [
            0.9779005524861878,
            0.9952153110047847,
            0.9950617283950617,
            0.9812834224598931,
            1.0,
            0.9779874213836478
        ]
    }
}