{
    "accuracy": [
        0.8793478260869565,
        0.8390243902439024,
        0.8102710413694721,
        0.7895622895622896,
        0.8850574712643678,
        0.8673883626522327
    ],
    "precision": {
        "LR": [
            0.8085106382978723,
            0.7407407407407407,
            0.7913043478260869,
            0.6875,
            0.7894736842105263,
            0.6544117647058824
        ],
        "MST": [
            0.9663299663299664,
            0.78125,
            0.9512195121951219,
            0.9647058823529412,
            0.9818181818181818,
            0.944206008583691
        ],
        "TS": [
            0.047619047619047616,
            0.0,
            0.020833333333333332,
            0.031746031746031744,
            0.041666666666666664,
            0.0
        ],
        "PSW": [
            0.0,
            1.0,
            0.0,
            0.7142857142857143,
            0.7142857142857143,
            0.9
        ],
        "SW": [
            0.9932584269662922,
            0.9575971731448764,
            0.9859154929577465,
            0.9292035398230089,
            0.9704142011834319,
            0.9758308157099698
        ]
    },
    "recall": {
        "LR": [
            0.9156626506024096,
            0.7272727272727273,
            0.8666666666666667,
            0.822429906542056,
            0.8571428571428571,
            0.89
        ],
        "MST": [
            1.0,
            1.0,
            1.0,
            0.9761904761904762,
            1.0,
            1.0
        ],
        "TS": [
            1.0,
            0.0,
            1.0,
            1.0,
            1.0,
            0.0
        ],
        "PSW": [
            0.0,
            0.07936507936507936,
            0.0,
            0.05154639175257732,
            0.13513513513513514,
            0.10588235294117647
        ],
        "SW": [
            0.9546436285097192,
            0.9124579124579124,
            0.9893992932862191,
            0.9545454545454546,
            0.9820359281437125,
            0.9670658682634731
        ]
    },
    "f1": {
        "LR": [
            0.8587570621468926,
            0.7339449541284404,
            0.8272727272727273,
            0.7489361702127659,
            0.821917808219178,
            0.7542372881355932
        ],
        "MST": [
            0.9828767123287672,
            0.8771929824561403,
            0.975,
            0.9704142011834319,
            0.9908256880733946,
            0.9713024282560706
        ],
        "TS": [
            0.09090909090909091,
            0.0,
            0.04081632653061224,
            0.06153846153846154,
            0.08,
            0.0
        ],
        "PSW": [
            0.0,
            0.14705882352941177,
            0.0,
            0.09615384615384616,
            0.22727272727272727,
            0.18947368421052632
        ],
        "SW": [
            0.973568281938326,
            0.9344827586206896,
            0.9876543209876543,
            0.9417040358744395,
            0.9761904761904762,
            0.9714285714285714
        ]
    },
    "specificity": {
        "LR": [
            0.978494623655914,
            0.975,
            0.959731543624161,
            0.917864476386037,
            0.9744408945686901,
            0.9264475743348983
        ],
        "MST": [
            0.9842022116903634,
            0.8650602409638555,
            0.9802371541501976,
            0.9859154929577465,
            0.9916666666666667,
            0.9749518304431599
        ],
        "TS": [
            0.9126637554585153,
            0.9723577235772358,
            0.8655221745350501,
            0.8969594594594594,
            0.9337175792507204,
            0.9607577807848444
        ],
        "PSW": [
            1.0,
            1.0,
            0.9982905982905983,
            0.9959758551307847,
            0.9935691318327974,
            0.9984709480122325
        ],
        "SW": [
            0.9934354485776805,
            0.9622641509433962,
            0.9904306220095693,
            0.9572192513368984,
            0.9723756906077348,
            0.980246913580247
        ]
    }
}