{
    "accuracy": [
        0.6576319543509273,
        0.6178451178451179,
        0.6954022988505747,
        0.5706521739130435,
        0.6603518267929634,
        0.6715447154471544
    ],
    "precision": {
        "LR": [
            0.3825503355704698,
            0.4883720930232558,
            0.3333333333333333,
            0.3228346456692913,
            0.5391304347826087,
            0.2711864406779661
        ],
        "MST": [
            0.6918918918918919,
            0.7171717171717171,
            0.7472527472527473,
            0.5222222222222223,
            0.6956521739130435,
            0.6666666666666666
        ],
        "TS": [
            0.014925373134328358,
            0.0,
            0.0,
            0.004149377593360996,
            0.0,
            0.0
        ],
        "PSW": [
            0.0,
            1.0,
            0.0,
            0.0,
            1.0,
            0.0
        ],
        "SW": [
            0.9166666666666666,
            0.9414414414414415,
            0.8950276243093923,
            0.9437229437229437,
            0.9185393258426966,
            0.9725085910652921
        ]
    },
    "recall": {
        "LR": [
            0.5428571428571428,
            0.7850467289719626,
            0.34285714285714286,
            0.4939759036144578,
            0.62,
            0.2909090909090909
        ],
        "MST": [
            0.6564102564102564,
            0.4226190476190476,
            0.6296296296296297,
            0.16376306620209058,
            0.43636363636363634,
            0.57
        ],
        "TS": [
            0.5,
            0.0,
            0.0,
            0.25,
            0.0,
            0.0
        ],
        "PSW": [
            0.0,
            0.030927835051546393,
            0.0,
            0.0,
            0.03529411764705882,
            0.0
        ],
        "SW": [
            0.9717314487632509,
            0.95,
            0.9700598802395209,
            0.9416846652267818,
            0.9790419161676647,
            0.9528619528619529
        ]
    },
    "f1": {
        "LR": [
            0.44881889763779526,
            0.6021505376344086,
            0.3380281690140845,
            0.3904761904761905,
            0.5767441860465117,
            0.2807017543859649
        ],
        "MST": [
            0.6736842105263158,
            0.5318352059925093,
            0.6834170854271356,
            0.2493368700265252,
            0.5363128491620112,
            0.6145552560646901
        ],
        "TS": [
            0.028985507246376812,
            0.0,
            0.0,
            0.00816326530612245,
            0.0,
            0.0
        ],
        "PSW": [
            0.0,
            0.06,
            0.0,
            0.0,
            0.06818181818181818,
            0.0
        ],
        "SW": [
            0.9433962264150944,
            0.9457013574660633,
            0.9310344827586207,
            0.9427027027027027,
            0.9478260869565217,
            0.9625850340136054
        ]
    },
    "specificity": {
        "LR": [
            0.8456375838926175,
            0.8193018480492813,
            0.9233226837060703,
            0.8972520908004779,
            0.917057902973396,
            0.9232142857142858
        ],
        "MST": [
            0.8873517786561265,
            0.9342723004694836,
            0.9041666666666667,
            0.9320695102685624,
            0.9190751445086706,
            0.8626506024096385
        ],
        "TS": [
            0.9055793991416309,
            0.8344594594594594,
            0.8847262247838616,
            0.7379912663755459,
            0.8281461434370772,
            0.8471544715447155
        ],
        "PSW": [
            1.0,
            1.0,
            1.0,
            1.0,
            1.0,
            1.0
        ],
        "SW": [
            0.9401913875598086,
            0.9652406417112299,
            0.8950276243093923,
            0.9431072210065645,
            0.928395061728395,
            0.9748427672955975
        ]
    }
}