{
    "accuracy": [
        0.8796296296296297,
        0.906060606060606,
        0.8438250840941854,
        0.9193363844393593,
        0.9534188034188035,
        0.9316770186335404,
        0.8191956124314442
    ],
    "precision": {
        "LR": [
            0.36363636363636365,
            0.1870967741935484,
            0.9076923076923077,
            0.15328467153284672,
            0.6030534351145038,
            0.0547945205479452,
            0.45724907063197023
        ],
        "MST": [
            0.8774560496380558,
            0.90246257846451,
            0.9657360406091371,
            0.946313065976714,
            0.9601293103448276,
            0.9717832957110609,
            0.7138032925284931
        ],
        "TS": [
            0.54,
            0.20930232558139536,
            0.0,
            0.8545454545454545,
            0.18421052631578946,
            0.09090909090909091,
            0.22641509433962265
        ],
        "PSW": [
            0.24878048780487805,
            0.7241379310344828,
            0.2013888888888889,
            0.4144144144144144,
            0.7752808988764045,
            0.8688524590163934,
            0.532608695652174
        ],
        "SW": [
            0.9623996620194338,
            0.9780614280015956,
            0.9953051643192489,
            0.9939283545840923,
            0.991522002422285,
            0.9617052023121387,
            0.9853564547206166
        ]
    },
    "recall": {
        "LR": [
            0.45714285714285713,
            0.5918367346938775,
            0.6519337016574586,
            0.30434782608695654,
            0.6030534351145038,
            0.5,
            0.2536082474226804
        ],
        "MST": [
            0.9448775055679287,
            0.9521141110545084,
            0.7679112008072654,
            0.9625,
            0.9705882352941176,
            0.9188900747065102,
            0.9457494407158836
        ],
        "TS": [
            0.11392405063291139,
            0.07894736842105263,
            0.0,
            0.5280898876404494,
            0.14583333333333334,
            0.07692307692307693,
            0.03858520900321544
        ],
        "PSW": [
            0.75,
            0.6,
            0.8787878787878788,
            1.0,
            0.965034965034965,
            0.7162162162162162,
            0.44954128440366975
        ],
        "SW": [
            0.9211484027496967,
            0.9380260137719969,
            0.9769585253456221,
            0.9238148984198645,
            0.9738302934179223,
            0.9624005784526392,
            0.9583958020989505
        ]
    },
    "f1": {
        "LR": [
            0.4050632911392405,
            0.28431372549019607,
            0.7588424437299035,
            0.20388349514563106,
            0.6030534351145038,
            0.09876543209876543,
            0.32625994694960214
        ],
        "MST": [
            0.9099195710455764,
            0.9266236985622212,
            0.8555368184373243,
            0.954337899543379,
            0.9653304442036836,
            0.9445968184311574,
            0.8135674765455858
        ],
        "TS": [
            0.18815331010452963,
            0.11464968152866242,
            0.0,
            0.6527777777777778,
            0.16279069767441862,
            0.08333333333333333,
            0.06593406593406594
        ],
        "PSW": [
            0.37362637362637363,
            0.65625,
            0.327683615819209,
            0.5859872611464968,
            0.8598130841121495,
            0.7851851851851852,
            0.48756218905472637
        ],
        "SW": [
            0.9413223140495868,
            0.9576254637766062,
            0.986046511627907,
            0.9575899385785317,
            0.9825965193038608,
            0.9620527647271413,
            0.9716891506745202
        ]
    },
    "specificity": {
        "LR": [
            0.9877568867512024,
            0.9742909610283615,
            0.9936842105263158,
            0.9661511526116137,
            0.9885689162453286,
            0.9713336103032821,
            0.9707121364092277
        ],
        "MST": [
            0.9167837078651685,
            0.9323736190157349,
            0.9752293577981651,
            0.957995951417004,
            0.9739803094233473,
            0.983085250338295,
            0.8158609451385117
        ],
        "TS": [
            0.9947810301792602,
            0.9929693961952026,
            0.9194404245055475,
            0.9976518931611388,
            0.9933074265975821,
            0.9958368026644463,
            0.992052723396007
        ],
        "PSW": [
            0.9663461538461539,
            0.9898734177215189,
            0.94384765625,
            0.981159420289855,
            0.9911836014987877,
            0.9965826569841948,
            0.9836252856054837
        ],
        "SW": [
            0.9590050667894979,
            0.9764554794520548,
            0.9967023907666942,
            0.994199535962877,
            0.9902687673772012,
            0.9486434108527132,
            0.9864382583868665
        ]
    }
}