{
    "accuracy": [
        0.9824786324786324,
        0.9569696969696969,
        0.9334625322997416,
        0.9523809523809523,
        0.9131627056672761,
        0.9476213358962038,
        0.9493707093821511
    ],
    "precision": {
        "LR": [
            0.7588235294117647,
            0.2953020134228188,
            0.2810810810810811,
            0.13559322033898305,
            0.8753246753246753,
            0.9526315789473684,
            0.45394736842105265
        ],
        "MST": [
            0.9902333152468801,
            0.9963917525773196,
            0.9861342207432058,
            0.9945593035908596,
            0.9403546480386888,
            0.9977777777777778,
            0.9946879150066401
        ],
        "TS": [
            0.7142857142857143,
            0.6557377049180327,
            0.8582677165354331,
            0.24324324324324326,
            0.863013698630137,
            0.03260869565217391,
            0.7959183673469388
        ],
        "PSW": [
            0.9337748344370861,
            0.8318181818181818,
            0.36419753086419754,
            0.8428571428571429,
            0.680161943319838,
            0.8048780487804879,
            0.3770491803278688
        ],
        "SW": [
            0.9979903536977492,
            0.9912663755458515,
            0.9873257287705957,
            0.9849624060150376,
            0.9233486400565172,
            0.9988344988344988,
            1.0
        ]
    },
    "recall": {
        "LR": [
            0.9847328244274809,
            0.8979591836734694,
            0.7428571428571429,
            1.0,
            0.6948453608247422,
            1.0,
            1.0
        ],
        "MST": [
            0.9940087145969498,
            0.9847172694854814,
            0.9899777282850779,
            0.9754535752401281,
            0.9787472035794184,
            0.9061553985872856,
            0.9855263157894737
        ],
        "TS": [
            0.4166666666666667,
            0.7017543859649122,
            0.459915611814346,
            0.6923076923076923,
            0.40514469453376206,
            0.375,
            0.43820224719101125
        ],
        "PSW": [
            0.986013986013986,
            0.8714285714285714,
            0.8676470588235294,
            0.7972972972972973,
            0.7706422018348624,
            1.0,
            1.0
        ],
        "SW": [
            0.9845360824742269,
            0.9552410099464422,
            0.9450060655074808,
            0.9472161966738973,
            0.97976011994003,
            0.9873271889400922,
            0.940744920993228
        ]
    },
    "f1": {
        "LR": [
            0.8571428571428571,
            0.4444444444444444,
            0.40784313725490196,
            0.23880597014925373,
            0.774712643678161,
            0.9757412398921833,
            0.6244343891402715
        ],
        "MST": [
            0.9921174232128296,
            0.9905201127337945,
            0.9880522367324257,
            0.9849137931034483,
            0.959166895039737,
            0.9497620306716024,
            0.9900859220092532
        ],
        "TS": [
            0.5263157894736842,
            0.6779661016949152,
            0.5989010989010989,
            0.36,
            0.5514223194748359,
            0.06,
            0.5652173913043478
        ],
        "PSW": [
            0.9591836734693877,
            0.8511627906976744,
            0.5130434782608696,
            0.8194444444444444,
            0.7225806451612903,
            0.8918918918918919,
            0.5476190476190477
        ],
        "SW": [
            0.9912175648702595,
            0.9729203195012663,
            0.965702479338843,
            0.9657206044968669,
            0.95071831242044,
            0.9930475086906141,
            0.9694678685664437
        ]
    },
    "specificity": {
        "LR": [
            0.9909870301165091,
            0.9785758008569679,
            0.9709226060341059,
            0.9788117989198172,
            0.99037111334002,
            0.9952631578947368,
            0.9757805660927925
        ],
        "MST": [
            0.9936708860759493,
            0.9976565115500502,
            0.9912219101123596,
            0.996617050067659,
            0.969853340575774,
            0.998165137614679,
            0.9959514170040485
        ],
        "TS": [
            0.998272884283247,
            0.9913151364764268,
            0.9959155888359428,
            0.9883430474604497,
            0.9961232797053693,
            0.9570670525808008,
            0.9970648664514236
        ],
        "PSW": [
            0.9977959003746969,
            0.9921940928270042,
            0.9774912587412588,
            0.9953011533532679,
            0.984958111195735,
            0.99609375,
            0.9779710144927536
        ],
        "SW": [
            0.9976830398517146,
            0.990582191780822,
            0.9861814831874712,
            0.9806201550387597,
            0.9225553176302641,
            0.9991755976916735,
            1.0
        ]
    }
}