{
    "accuracy": [
        0.9553535353535354,
        0.9465838509316771,
        0.9257769652650822,
        0.9216722729456992,
        0.907192075796727,
        0.9797008547008547,
        0.937070938215103
    ],
    "precision": {
        "LR": [
            0.24666666666666667,
            0.11594202898550725,
            0.7714285714285715,
            0.8896103896103896,
            0.23580786026200873,
            0.6512820512820513,
            0.36551724137931035
        ],
        "MST": [
            0.9897907095456866,
            0.9436475409836066,
            0.9748322147651006,
            0.9922566371681416,
            0.9867549668874173,
            0.9967302452316076,
            0.9757217847769029
        ],
        "TS": [
            0.7551020408163265,
            0.9090909090909091,
            0.907103825136612,
            0.023255813953488372,
            0.8545454545454545,
            0.9032258064516129,
            0.7906976744186046
        ],
        "PSW": [
            0.769811320754717,
            0.9012345679012346,
            0.48292682926829267,
            0.367816091954023,
            0.22614840989399293,
            0.8838709677419355,
            0.36220472440944884
        ],
        "SW": [
            0.9987893462469734,
            0.9968701095461658,
            0.9923047325894575,
            1.0,
            0.9977924944812362,
            1.0,
            0.9993964996982498
        ]
    },
    "recall": {
        "LR": [
            0.7551020408163265,
            1.0,
            0.7793814432989691,
            0.7569060773480663,
            0.7714285714285715,
            0.9694656488549618,
            0.7681159420289855
        ],
        "MST": [
            0.9877738155883852,
            0.9829242262540021,
            0.9748322147651006,
            0.905146316851665,
            0.9955456570155902,
            0.9961873638344226,
            0.9782894736842105
        ],
        "TS": [
            0.6491228070175439,
            0.7692307692307693,
            0.5337620578778135,
            0.25,
            0.19831223628691982,
            0.5833333333333334,
            0.38202247191011235
        ],
        "PSW": [
            0.9714285714285714,
            0.9864864864864865,
            0.908256880733945,
            0.9696969696969697,
            0.9411764705882353,
            0.958041958041958,
            1.0
        ],
        "SW": [
            0.9468247895944912,
            0.9211858279103399,
            0.9666416791604198,
            0.9792626728110599,
            0.9138697937727457,
            0.9770023790642347,
            0.9345372460496614
        ]
    },
    "f1": {
        "LR": [
            0.37185929648241206,
            0.2077922077922078,
            0.7753846153846153,
            0.817910447761194,
            0.3612040133779264,
            0.7791411042944786,
            0.4953271028037383
        ],
        "MST": [
            0.9887812340642529,
            0.9628855201254574,
            0.9748322147651006,
            0.9467018469656993,
            0.991130820399113,
            0.9964587305911196,
            0.9770039421813403
        ],
        "TS": [
            0.6981132075471698,
            0.8333333333333334,
            0.6720647773279352,
            0.0425531914893617,
            0.3219178082191781,
            0.7088607594936709,
            0.5151515151515151
        ],
        "PSW": [
            0.8589473684210527,
            0.9419354838709677,
            0.6305732484076433,
            0.5333333333333333,
            0.3646723646723647,
            0.9194630872483222,
            0.5317919075144508
        ],
        "SW": [
            0.9721131186174391,
            0.9575347613679068,
            0.9793051072716916,
            0.989522700814901,
            0.9539890249050232,
            0.9883674288006418,
            0.9658792650918635
        ]
    },
    "specificity": {
        "LR": [
            0.9769434809222608,
            0.9746572496884088,
            0.9775325977933801,
            0.9910526315789474,
            0.9617402710975077,
            0.9850516597054297,
            0.9731543624161074
        ],
        "MST": [
            0.9933043187144291,
            0.9627875507442489,
            0.987778381314503,
            0.9935779816513761,
            0.9915730337078652,
            0.9978902953586498,
            0.9812753036437247
        ],
        "TS": [
            0.9950372208436724,
            0.9995836802664446,
            0.9967047877495638,
            0.959479015918958,
            0.9981847061493079,
            0.9993523316062176,
            0.9973583798062812
        ],
        "PSW": [
            0.9871308016877637,
            0.9965826569841948,
            0.9596344249809596,
            0.97314453125,
            0.9521416083916084,
            0.9960326206744545,
            0.9765217391304348
        ],
        "SW": [
            0.9987157534246576,
            0.9961240310077519,
            0.9928622412562456,
            1.0,
            0.9976969138645785,
            1.0,
            0.9994199535962877
        ]
    }
}