{
    "accuracy": [
        0.9643892339544513,
        0.9162705667276051,
        0.9701010101010101,
        0.9876068376068377,
        0.9639596347909659,
        0.9459382151029748,
        0.9302325581395349
    ],
    "precision": {
        "LR": [
            0.21621621621621623,
            0.8826291079812206,
            0.4431818181818182,
            0.8113207547169812,
            0.9251700680272109,
            0.4253731343283582,
            0.3353658536585366
        ],
        "MST": [
            0.9639830508474576,
            0.9322751322751323,
            0.9799498746867168,
            0.99457111834962,
            0.9919191919191919,
            0.9766081871345029,
            0.9867476532302595
        ],
        "TS": [
            1.0,
            0.9824561403508771,
            0.9807692307692307,
            0.96,
            0.25,
            0.9714285714285714,
            1.0
        ],
        "PSW": [
            0.9487179487179487,
            0.47901234567901235,
            0.8023715415019763,
            0.9038461538461539,
            0.4,
            0.4144144144144144,
            0.26382978723404255
        ],
        "SW": [
            0.9858841010401189,
            0.974739970282318,
            0.9968774395003903,
            0.9991993594875901,
            0.9976635514018691,
            0.9940369707811568,
            0.992421052631579
        ]
    },
    "recall": {
        "LR": [
            1.0,
            0.7752577319587629,
            0.7959183673469388,
            0.9847328244274809,
            0.7513812154696132,
            0.8260869565217391,
            0.7857142857142857
        ],
        "MST": [
            0.9711846318036286,
            0.9854586129753915,
            0.9959246051961284,
            0.9978213507625272,
            0.9909182643794148,
            0.9888157894736842,
            0.994988864142539
        ],
        "TS": [
            0.7692307692307693,
            0.18006430868167203,
            0.4473684210526316,
            0.5,
            0.25,
            0.38202247191011235,
            0.2489451476793249
        ],
        "PSW": [
            1.0,
            0.8899082568807339,
            0.9666666666666667,
            0.986013986013986,
            0.9696969696969697,
            1.0,
            0.9117647058823529
        ],
        "SW": [
            0.9595083152566883,
            0.9835082458770614,
            0.9770466717674062,
            0.9896907216494846,
            0.9838709677419355,
            0.940744920993228,
            0.9530934088152042
        ]
    },
    "f1": {
        "LR": [
            0.35555555555555557,
            0.8254665203073546,
            0.5693430656934306,
            0.8896551724137931,
            0.8292682926829268,
            0.5615763546798029,
            0.4700854700854701
        ],
        "MST": [
            0.9675704412546517,
            0.9581294181620446,
            0.9878726629610914,
            0.9961935834692768,
            0.9914184755174155,
            0.9826740764955868,
            0.9908511228167453
        ],
        "TS": [
            0.8695652173913043,
            0.30434782608695654,
            0.6144578313253012,
            0.6575342465753424,
            0.25,
            0.5483870967741935,
            0.39864864864864863
        ],
        "PSW": [
            0.9736842105263158,
            0.622792937399679,
            0.8768898488120951,
            0.9431438127090301,
            0.5663716814159292,
            0.5859872611464968,
            0.40924092409240925
        ],
        "SW": [
            0.9725174056430927,
            0.9791044776119403,
            0.9868624420401855,
            0.9944223107569721,
            0.9907192575406032,
            0.9666570020295738,
            0.9723597359735974
        ]
    },
    "specificity": {
        "LR": [
            0.9879518072289156,
            0.9899699097291875,
            0.9900020403999183,
            0.9934051439876896,
            0.9942105263157894,
            0.977531368543916,
            0.9761696545693047
        ],
        "MST": [
            0.9769959404600812,
            0.9652362846279197,
            0.9866086374288584,
            0.9964838255977496,
            0.9926605504587156,
            0.9817813765182186,
            0.9915730337078652
        ],
        "TS": [
            1.0,
            0.9998061639852684,
            0.999793217535153,
            0.9997841105354058,
            0.9971056439942113,
            0.9997064866451424,
            1.0
        ],
        "PSW": [
            0.9982913284920973,
            0.9598248286367098,
            0.989451476793249,
            0.9966938505620454,
            0.9765625,
            0.981159420289855,
            0.9621940559440559
        ],
        "SW": [
            0.9815891472868217,
            0.9757316202712348,
            0.9965753424657534,
            0.9990732159406858,
            0.998351195383347,
            0.994199535962877,
            0.9917088899124827
        ]
    }
}