{
    "accuracy": [
        0.9816933638443935,
        0.9860034453057709,
        0.9919191919191919,
        0.9937530033637674,
        0.9884826325411334,
        0.9797008547008547,
        0.9855072463768116
    ],
    "precision": {
        "LR": [
            0.6764705882352942,
            0.75,
            0.7424242424242424,
            0.9565217391304348,
            0.9482071713147411,
            0.8448275862068966,
            0.5333333333333333
        ],
        "MST": [
            0.9960681520314548,
            0.9928137092316197,
            1.0,
            1.0,
            0.9971910112359551,
            0.9967302452316076,
            0.9989327641408752
        ],
        "TS": [
            1.0,
            1.0,
            0.9896907216494846,
            1.0,
            1.0,
            0.5277777777777778,
            0.35135135135135137
        ],
        "PSW": [
            0.647887323943662,
            0.6907216494845361,
            0.9082969432314411,
            0.9705882352941176,
            0.9106382978723404,
            0.9646017699115044,
            0.9433962264150944
        ],
        "SW": [
            1.0,
            0.9991826726604005,
            0.9996153846153846,
            0.9953757225433526,
            0.9958801498127341,
            0.9870283018867925,
            1.0
        ]
    },
    "recall": {
        "LR": [
            1.0,
            0.8571428571428571,
            1.0,
            0.9723756906077348,
            0.9814432989690721,
            0.7480916030534351,
            1.0
        ],
        "MST": [
            1.0,
            1.0,
            0.9974528782475802,
            0.9989909182643795,
            0.9927293064876958,
            0.9961873638344226,
            0.9989327641408752
        ],
        "TS": [
            0.6741573033707865,
            0.890295358649789,
            0.8421052631578947,
            1.0,
            0.909967845659164,
            0.7916666666666666,
            1.0
        ],
        "PSW": [
            1.0,
            0.9852941176470589,
            0.9904761904761905,
            1.0,
            0.981651376146789,
            0.7622377622377622,
            0.6756756756756757
        ],
        "SW": [
            0.9802483069977427,
            0.9886777193691872,
            0.9942616679418516,
            0.9919354838709677,
            0.9966266866566716,
            0.9956383822363204,
            0.9927693420101229
        ]
    },
    "f1": {
        "LR": [
            0.8070175438596491,
            0.8,
            0.8521739130434782,
            0.9643835616438357,
            0.9645390070921985,
            0.7935222672064778,
            0.6956521739130435
        ],
        "MST": [
            0.9980302035456337,
            0.9963938973647711,
            0.9987248150981892,
            0.9994952044422009,
            0.9949551569506726,
            0.9964587305911196,
            0.9989327641408752
        ],
        "TS": [
            0.8053691275167785,
            0.9419642857142857,
            0.909952606635071,
            1.0,
            0.9528619528619529,
            0.6333333333333333,
            0.52
        ],
        "PSW": [
            0.7863247863247863,
            0.8121212121212121,
            0.9476082004555809,
            0.9850746268656716,
            0.9448123620309051,
            0.8515625,
            0.7874015748031497
        ],
        "SW": [
            0.9900256483328583,
            0.9939024390243902,
            0.9969313387034906,
            0.9936526255049047,
            0.9962532783814163,
            0.9913146466640348,
            0.9963715529753265
        ]
    },
    "specificity": {
        "LR": [
            0.9903705865188211,
            0.9956274595540009,
            0.9965313201387472,
            0.9957894736842106,
            0.9947843530591776,
            0.9960430863926137,
            0.9970918155380141
        ],
        "MST": [
            0.9969635627530364,
            0.995435393258427,
            1.0,
            1.0,
            0.9986420423682781,
            0.9978902953586498,
            0.9993234100135318
        ],
        "TS": [
            1.0,
            1.0,
            0.999793217535153,
            1.0,
            1.0,
            0.9926597582037997,
            0.9900083263946711
        ],
        "PSW": [
            0.9927536231884058,
            0.9934440559440559,
            0.9955696202531645,
            0.99951171875,
            0.996001523229246,
            0.9991183601498788,
            0.9987184963690731
        ],
        "SW": [
            1.0,
            0.9990787655458314,
            0.9995719178082192,
            0.9967023907666942,
            0.9960742326909351,
            0.9847080630213161,
            1.0
        ]
    }
}