{
    "accuracy": [
        0.8579710144927536,
        0.8467948717948718,
        0.8572654462242563,
        0.8408080808080808,
        0.8279500430663221,
        0.8226814031715521,
        0.8371115173674588
    ],
    "precision": {
        "LR": [
            0.056910569105691054,
            0.3799392097264438,
            0.2946859903381642,
            0.1461038961038961,
            0.20186335403726707,
            0.8674033149171271,
            0.7165217391304348
        ],
        "MST": [
            0.9509433962264151,
            0.9948942377826404,
            0.9860031104199067,
            0.9954128440366973,
            0.9919624916275954,
            0.9927113702623906,
            0.9769230769230769
        ],
        "TS": [
            0.046511627906976744,
            0.02301255230125523,
            0.03162055335968379,
            0.09240246406570841,
            0.11527377521613832,
            0.0064516129032258064,
            0.16913319238900634
        ],
        "PSW": [
            0.935064935064935,
            0.7888888888888889,
            0.33884297520661155,
            0.7454545454545455,
            0.1853448275862069,
            0.5714285714285714,
            0.4108695652173913
        ],
        "SW": [
            0.9847756410256411,
            0.9995693367786391,
            0.9938612645794966,
            0.9974511469838573,
            0.9848888888888889,
            0.9905660377358491,
            0.9877567140600316
        ]
    },
    "recall": {
        "LR": [
            0.875,
            0.9541984732824428,
            0.8840579710144928,
            0.9183673469387755,
            0.9285714285714286,
            0.8674033149171271,
            0.8494845360824742
        ],
        "MST": [
            0.8068303094983992,
            0.7429193899782135,
            0.8342105263157895,
            0.7738155883851248,
            0.8246102449888641,
            0.6871846619576185,
            0.7813199105145414
        ],
        "TS": [
            0.6153846153846154,
            0.22916666666666666,
            0.0898876404494382,
            0.39473684210526316,
            0.16877637130801687,
            0.25,
            0.2572347266881029
        ],
        "PSW": [
            0.972972972972973,
            0.993006993006993,
            0.8913043478260869,
            0.9761904761904762,
            0.6323529411764706,
            0.9696969696969697,
            0.8669724770642202
        ],
        "SW": [
            0.888647866955893,
            0.9203013481363996,
            0.9136568848758465,
            0.8982402448355011,
            0.8960776384957542,
            0.967741935483871,
            0.9374062968515742
        ]
    },
    "f1": {
        "LR": [
            0.10687022900763359,
            0.5434782608695652,
            0.4420289855072464,
            0.25210084033613445,
            0.33163265306122447,
            0.8674033149171271,
            0.7773584905660378
        ],
        "MST": [
            0.8729792147806005,
            0.8506392266916121,
            0.9037776193870278,
            0.8707366007451992,
            0.9005776831863789,
            0.8121645796064401,
            0.8682411435674332
        ],
        "TS": [
            0.08648648648648649,
            0.04182509505703422,
            0.04678362573099415,
            0.1497504159733777,
            0.136986301369863,
            0.012578616352201259,
            0.20408163265306123
        ],
        "PSW": [
            0.9536423841059603,
            0.8792569659442725,
            0.49101796407185627,
            0.845360824742268,
            0.2866666666666667,
            0.7191011235955056,
            0.5575221238938053
        ],
        "SW": [
            0.9342455340174839,
            0.958298926507019,
            0.9520729197294914,
            0.9452495974235104,
            0.9383866186745713,
            0.9790209790209791,
            0.9619230769230769
        ]
    },
    "specificity": {
        "LR": [
            0.9518072289156626,
            0.9551549791162893,
            0.9573971403559965,
            0.9463374821465007,
            0.9438128552689112,
            0.9873684210526316,
            0.9673019057171515
        ],
        "MST": [
            0.9736129905277402,
            0.9975386779184248,
            0.9908906882591093,
            0.9976565115500502,
            0.9957865168539326,
            0.9954128440366973,
            0.9910374796306355
        ],
        "TS": [
            0.9317235636969192,
            0.8991796200345423,
            0.9280892280598767,
            0.9086021505376344,
            0.9303380984796914,
            0.8514230583695128,
            0.9238224462105059
        ],
        "PSW": [
            0.9978641606151217,
            0.9916244214238483,
            0.9768115942028985,
            0.9852320675105485,
            0.9586975524475524,
            0.98828125,
            0.9484006092916984
        ],
        "SW": [
            0.9815891472868217,
            0.9995366079703429,
            0.994199535962877,
            0.997431506849315,
            0.9843390142791341,
            0.9934047815333883,
            0.9889364739471805
        ]
    }
}