{
    "accuracy": [
        0.9797588285960379,
        0.9797008547008547,
        0.9838509316770186,
        0.9808352402745996,
        0.9913503123498318,
        0.9848484848484849,
        0.9753199268738574
    ],
    "precision": {
        "LR": [
            0.654320987654321,
            0.8448275862068966,
            0.5,
            0.6699029126213593,
            0.9553072625698324,
            0.7580645161290323,
            0.8260869565217391
        ],
        "MST": [
            0.9928137092316197,
            0.9967302452316076,
            0.9957446808510638,
            0.9954158480681073,
            1.0,
            0.9994895354772844,
            0.9960718294051627
        ],
        "TS": [
            1.0,
            0.5277777777777778,
            0.35135135135135137,
            1.0,
            1.0,
            0.9895833333333334,
            1.0
        ],
        "PSW": [
            0.5689655172413793,
            0.9646017699115044,
            0.9433962264150944,
            0.6338028169014085,
            0.8918918918918919,
            0.7849056603773585,
            0.9298245614035088
        ],
        "SW": [
            0.9987694831829368,
            0.9870283018867925,
            1.0,
            1.0,
            0.9930795847750865,
            0.9996105919003115,
            0.9955089820359282
        ]
    },
    "recall": {
        "LR": [
            0.7571428571428571,
            0.7480916030534351,
            1.0,
            1.0,
            0.9447513812154696,
            0.9591836734693877,
            0.979381443298969
        ],
        "MST": [
            1.0,
            0.9961873638344226,
            0.9989327641408752,
            1.0,
            0.9989909182643795,
            0.9974528782475802,
            0.9927293064876958
        ],
        "TS": [
            0.8438818565400844,
            0.7916666666666666,
            1.0,
            0.6629213483146067,
            1.0,
            0.8333333333333334,
            0.684887459807074
        ],
        "PSW": [
            0.9705882352941176,
            0.7622377622377622,
            0.6756756756756757,
            0.9782608695652174,
            1.0,
            0.9904761904761905,
            0.9724770642201835
        ],
        "SW": [
            0.9846340477153255,
            0.9956383822363204,
            0.9898770788141721,
            0.9796839729119639,
            0.9919354838709677,
            0.9820198928844682,
            0.9970014992503748
        ]
    },
    "f1": {
        "LR": [
            0.7019867549668874,
            0.7935222672064778,
            0.6666666666666666,
            0.8023255813953488,
            0.95,
            0.8468468468468469,
            0.8962264150943396
        ],
        "MST": [
            0.9963938973647711,
            0.9964587305911196,
            0.9973361747469366,
            0.9977026583524778,
            0.9994952044422009,
            0.998470168281489,
            0.9943977591036415
        ],
        "TS": [
            0.9153318077803204,
            0.6333333333333333,
            0.52,
            0.7972972972972973,
            1.0,
            0.9047619047619048,
            0.8129770992366412
        ],
        "PSW": [
            0.717391304347826,
            0.8515625,
            0.7874015748031497,
            0.7692307692307693,
            0.9428571428571428,
            0.8757894736842106,
            0.9506726457399103
        ],
        "SW": [
            0.9916513948279373,
            0.9913146466640348,
            0.9949127906976745,
            0.9897377423033067,
            0.992507204610951,
            0.9907371671169433,
            0.9962546816479401
        ]
    },
    "specificity": {
        "LR": [
            0.9938784433756013,
            0.9960430863926137,
            0.9966763606148733,
            0.9900787861103005,
            0.9957894736842106,
            0.996939400122424,
            0.9799398194583752
        ],
        "MST": [
            0.995435393258427,
            0.9978902953586498,
            0.9972936400541272,
            0.9964574898785425,
            1.0,
            0.9996652159357214,
            0.9980988593155894
        ],
        "TS": [
            1.0,
            0.9926597582037997,
            0.9900083263946711,
            1.0,
            1.0,
            0.999793217535153,
            1.0
        ],
        "PSW": [
            0.9890734265734266,
            0.9991183601498788,
            0.9987184963690731,
            0.9924637681159421,
            0.998046875,
            0.9879746835443038,
            0.996953541507997
        ],
        "SW": [
            0.9986181483187471,
            0.9847080630213161,
            1.0,
            1.0,
            0.9950535861500412,
            0.9995719178082192,
            0.9957173447537473
        ]
    }
}