{
    "accuracy": [
        0.9740509370494954,
        0.9743271221532092,
        0.9323583180987203,
        0.9833333333333333,
        0.9364771748492678,
        0.9568077803203662,
        0.9715151515151516
    ],
    "precision": {
        "LR": [
            0.8872549019607843,
            0.26666666666666666,
            0.824847250509165,
            0.7443181818181818,
            0.4233576642335766,
            0.4927536231884058,
            0.4247787610619469
        ],
        "MST": [
            0.9989572471324296,
            0.9618556701030928,
            0.9761769710720363,
            0.9983471074380166,
            0.9624261943102523,
            0.9927536231884058,
            0.9838302172814553
        ],
        "TS": [
            0.21428571428571427,
            1.0,
            0.967391304347826,
            0.9459459459459459,
            0.975609756097561,
            0.8888888888888888,
            0.8829787234042553
        ],
        "PSW": [
            0.7073170731707317,
            0.961038961038961,
            0.4965675057208238,
            0.8452380952380952,
            0.2967032967032967,
            0.44660194174757284,
            0.8672199170124482
        ],
        "SW": [
            0.9918887601390498,
            1.0,
            0.9938342967244701,
            0.999194847020934,
            0.993587002992732,
            0.9947089947089947,
            0.9996036464526358
        ]
    },
    "recall": {
        "LR": [
            1.0,
            1.0,
            0.8350515463917526,
            1.0,
            0.8285714285714286,
            0.9855072463768116,
            0.9795918367346939
        ],
        "MST": [
            0.9667003027245207,
            0.9957310565635006,
            0.9625279642058165,
            0.9869281045751634,
            0.9983296213808464,
            0.9914473684210526,
            0.9918492103922567
        ],
        "TS": [
            0.375,
            1.0,
            0.572347266881029,
            0.7291666666666666,
            0.5063291139240507,
            0.3595505617977528,
            0.7280701754385965
        ],
        "PSW": [
            0.8787878787878788,
            1.0,
            0.9954128440366973,
            0.993006993006993,
            0.7941176470588235,
            1.0,
            0.9952380952380953
        ],
        "SW": [
            0.9861751152073732,
            0.958062183658713,
            0.9666416791604198,
            0.9841395717684377,
            0.9397492923574605,
            0.9548532731376975,
            0.964804896710023
        ]
    },
    "f1": {
        "LR": [
            0.9402597402597402,
            0.42105263157894735,
            0.8299180327868853,
            0.8534201954397395,
            0.5603864734299517,
            0.6570048309178744,
            0.5925925925925926
        ],
        "MST": [
            0.9825641025641025,
            0.9785002621919245,
            0.9693044212897776,
            0.9926047658175843,
            0.9800491937687893,
            0.9921000658327848,
            0.9878234398782344
        ],
        "TS": [
            0.2727272727272727,
            1.0,
            0.7191919191919192,
            0.8235294117647058,
            0.6666666666666666,
            0.512,
            0.7980769230769231
        ],
        "PSW": [
            0.7837837837837838,
            0.9801324503311258,
            0.6625954198473283,
            0.9131832797427653,
            0.432,
            0.6174496644295302,
            0.926829268292683
        ],
        "SW": [
            0.9890236857307915,
            0.9785819793205317,
            0.9800494014820444,
            0.9916100679184978,
            0.9659185369908562,
            0.9743737402821768,
            0.9818960482772046
        ]
    },
    "specificity": {
        "LR": [
            0.9878947368421053,
            0.9908599916909016,
            0.9827482447342026,
            0.9901077159815344,
            0.9827284652383035,
            0.97957397140356,
            0.986737400530504
        ],
        "MST": [
            0.9990825688073395,
            0.9749661705006766,
            0.9885931558935361,
            0.9989451476793249,
            0.9754213483146067,
            0.9944331983805668,
            0.9892869099430867
        ],
        "TS": [
            0.994693680656054,
            1.0,
            0.9988369839116108,
            0.9995682210708118,
            0.9993192648059904,
            0.9988259465805694,
            0.9977253928866832
        ],
        "PSW": [
            0.994140625,
            0.9987184963690731,
            0.9581111957349581,
            0.994269340974212,
            0.972027972027972,
            0.9834782608695652,
            0.9932489451476794
        ],
        "SW": [
            0.9942291838417148,
            1.0,
            0.9942897930049964,
            0.9990732159406858,
            0.9930907415937356,
            0.9947795823665894,
            0.9995719178082192
        ]
    }
}