{
    "accuracy": [
        0.7745695364238411,
        0.8141540874338365,
        0.5258346581875993
    ],
    "precision": {
        "LR": [
            0.5050962627406569,
            0.5786452353616532,
            0.3762200532386868
        ],
        "MST": [
            0.7267857142857143,
            0.8942486085343229,
            0.46651785714285715
        ],
        "TS": [
            0.125,
            0.0,
            0.0
        ],
        "PSW": [
            0.8571428571428571,
            1.0,
            0.0
        ],
        "SW": [
            0.947187141216992,
            0.9773006134969325,
            0.7340425531914894
        ]
    },
    "recall": {
        "LR": [
            0.8902195608782435,
            0.9333333333333333,
            0.7361111111111112
        ],
        "MST": [
            0.7023295944779983,
            0.9830047586675731,
            0.35067114093959734
        ],
        "TS": [
            0.0196078431372549,
            0.0,
            0.0
        ],
        "PSW": [
            0.047058823529411764,
            0.1426648721399731,
            0.0
        ],
        "SW": [
            0.9385665529010239,
            0.9863777089783282,
            0.9031413612565445
        ]
    },
    "f1": {
        "LR": [
            0.6445086705202312,
            0.7143869596031184,
            0.49794480328831475
        ],
        "MST": [
            0.7143483984203598,
            0.9365284974093264,
            0.4003831417624521
        ],
        "TS": [
            0.03389830508474576,
            0.0,
            0.0
        ],
        "PSW": [
            0.08921933085501858,
            0.2497055359246172,
            0.0
        ],
        "SW": [
            0.9428571428571428,
            0.9818181818181818,
            0.8098591549295775
        ]
    },
    "specificity": {
        "LR": [
            0.8665241295051924,
            0.8174583436955981,
            0.6376288659793814
        ],
        "MST": [
            0.8830275229357798,
            0.952892561983471,
            0.8755208333333333
        ],
        "TS": [
            0.9961884018513477,
            0.9987777551436138,
            1.0
        ],
        "PSW": [
            0.9994318181818181,
            1.0,
            0.9995009980039921
        ],
        "SW": [
            0.954387704511651,
            0.98938611589214,
            0.8573059360730594
        ]
    }
}