{
    "accuracy": [
        0.6977063320917467,
        0.8921854304635761,
        0.4872813990461049
    ],
    "precision": {
        "LR": [
            0.8113207547169812,
            0.973421926910299,
            0.2037037037037037
        ],
        "MST": [
            0.7771556550951848,
            0.9257714762301918,
            0.5623003194888179
        ],
        "TS": [
            0.04054054054054054,
            0.7,
            0.0
        ],
        "PSW": [
            0.9904397705544933,
            0.8717948717948718,
            0.5
        ],
        "SW": [
            0.6030018761726079,
            0.8669010547463586,
            0.4523809523809524
        ]
    },
    "recall": {
        "LR": [
            0.03981481481481482,
            0.5848303393213573,
            0.019097222222222224
        ],
        "MST": [
            0.9435757987763427,
            0.9577221742881795,
            0.8859060402684564
        ],
        "TS": [
            0.015625,
            0.3431372549019608,
            0.0
        ],
        "PSW": [
            0.6971736204576043,
            0.8,
            0.005859375
        ],
        "SW": [
            0.9950464396284829,
            0.981797497155859,
            0.8952879581151832
        ]
    },
    "f1": {
        "LR": [
            0.07590467784642542,
            0.7306733167082294,
            0.03492063492063492
        ],
        "MST": [
            0.8523180841264968,
            0.9414758269720102,
            0.6879478827361564
        ],
        "TS": [
            0.022556390977443608,
            0.4605263157894737,
            0.0
        ],
        "PSW": [
            0.8183254344391785,
            0.8343558282208589,
            0.011583011583011582
        ],
        "SW": [
            0.7509345794392523,
            0.9207788743664977,
            0.6010544815465729
        ]
    },
    "specificity": {
        "LR": [
            0.9975130564536185,
            0.9975565058032987,
            0.9778350515463917
        ],
        "MST": [
            0.8903581267217631,
            0.9659785932721713,
            0.7859375
        ],
        "TS": [
            0.9855367691994297,
            0.9959161448407297,
            0.9979575163398693
        ],
        "PSW": [
            0.9988526847177605,
            0.9914772727272727,
            0.9985029940119761
        ],
        "SW": [
            0.6965002868617326,
            0.8686167575607338,
            0.5273972602739726
        ]
    }
}