{
    "accuracy": [
        0.8368211920529801,
        0.7494608900215644,
        0.41255961844197137
    ],
    "precision": {
        "LR": [
            0.6362038664323374,
            0.5992844364937389,
            0.26580459770114945
        ],
        "MST": [
            0.9508357915437562,
            0.9664429530201343,
            0.9512195121951219
        ],
        "TS": [
            0.3607843137254902,
            0.2035623409669211,
            0.05802047781569966
        ],
        "PSW": [
            0.5472972972972973,
            0.4875,
            0.06842105263157895
        ],
        "SW": [
            0.9277715565509519,
            0.9152445961319682,
            0.9231884057971015
        ]
    },
    "recall": {
        "LR": [
            0.7225548902195609,
            0.6203703703703703,
            0.3211805555555556
        ],
        "MST": [
            0.8343399482312338,
            0.7831407205982325,
            0.26174496644295303
        ],
        "TS": [
            0.9019607843137255,
            0.4166666666666667,
            0.5
        ],
        "PSW": [
            0.3176470588235294,
            0.4199192462987887,
            0.05078125
        ],
        "SW": [
            0.9425483503981797,
            0.9962848297213622,
            0.8337696335078534
        ]
    },
    "f1": {
        "LR": [
            0.6766355140186916,
            0.6096451319381255,
            0.2908805031446541
        ],
        "MST": [
            0.8887867647058824,
            0.8651896357491551,
            0.4105263157894737
        ],
        "TS": [
            0.5154061624649859,
            0.27350427350427353,
            0.10397553516819572
        ],
        "PSW": [
            0.40198511166253104,
            0.4511930585683297,
            0.05829596412556054
        ],
        "SW": [
            0.9351015801354402,
            0.9540468425733768,
            0.8762035763411279
        ]
    },
    "specificity": {
        "LR": [
            0.9367745876603543,
            0.888584929122109,
            0.73659793814433
        ],
        "MST": [
            0.9808868501529052,
            0.9889807162534435,
            0.9958333333333333
        ],
        "TS": [
            0.9556221072692622,
            0.9362395599918517,
            0.7745098039215687
        ],
        "PSW": [
            0.9809659090909091,
            0.9247361174850849,
            0.8233532934131736
        ],
        "SW": [
            0.9360436291522063,
            0.9572576018359151,
            0.9697488584474886
        ]
    }
}