{
    "accuracy": [
        0.5858505564387917,
        0.7533816898647324,
        0.831523178807947
    ],
    "precision": {
        "LR": [
            0.6695652173913044,
            0.6272189349112426,
            0.6558704453441295
        ],
        "MST": [
            0.7049180327868853,
            0.9488372093023256,
            0.9224422442244224
        ],
        "TS": [
            1.0,
            0.55,
            0.8852459016393442
        ],
        "PSW": [
            0.2587800369685767,
            0.4325153374233129,
            0.26582278481012656
        ],
        "SW": [
            0.6535211267605634,
            0.8479408658922915,
            0.9139784946236559
        ]
    },
    "recall": {
        "LR": [
            0.13368055555555555,
            0.1962962962962963,
            0.32335329341317365
        ],
        "MST": [
            0.9379194630872483,
            0.9707681849082257,
            0.9646246764452114
        ],
        "TS": [
            0.029411764705882353,
            0.171875,
            0.5294117647058824
        ],
        "PSW": [
            0.2734375,
            0.7590847913862718,
            0.4117647058823529
        ],
        "SW": [
            0.9109947643979057,
            0.9944272445820433,
            0.9670079635949943
        ]
    },
    "f1": {
        "LR": [
            0.22286541244573083,
            0.29901269393511987,
            0.43315508021390375
        ],
        "MST": [
            0.8048956083513319,
            0.9596774193548387,
            0.943061999156474
        ],
        "TS": [
            0.05714285714285714,
            0.2619047619047619,
            0.6625766871165644
        ],
        "PSW": [
            0.26590693257359926,
            0.5510503175378603,
            0.3230769230769231
        ],
        "SW": [
            0.761071623838163,
            0.9153605015673981,
            0.9397457158651189
        ]
    },
    "specificity": {
        "LR": [
            0.9804123711340206,
            0.9686645113155932,
            0.9740378741600488
        ],
        "MST": [
            0.878125,
            0.9787878787878788,
            0.9640672782874617
        ],
        "TS": [
            1.0,
            0.9944998981462619,
            0.9980942009256738
        ],
        "PSW": [
            0.7999001996007984,
            0.8301973382285452,
            0.9176136363636364
        ],
        "SW": [
            0.7893835616438356,
            0.9173838209982789,
            0.9206742687159147
        ]
    }
}