{
    "accuracy": [
        0.9433444422662223,
        0.8982511923688394,
        0.9202649006622516
    ],
    "precision": {
        "LR": [
            0.8473767885532592,
            0.8768115942028986,
            0.8772241992882562
        ],
        "MST": [
            0.9933333333333333,
            0.9681050656660413,
            0.9709251101321585
        ],
        "TS": [
            1.0,
            0.9803921568627451,
            0.9894736842105263
        ],
        "PSW": [
            0.9134487350199734,
            0.7704402515723271,
            0.5623471882640587
        ],
        "SW": [
            0.9854060913705583,
            0.967741935483871,
            0.9879288437102922
        ]
    },
    "recall": {
        "LR": [
            0.987037037037037,
            0.8402777777777778,
            0.9840319361277445
        ],
        "MST": [
            0.91162474507138,
            0.8657718120805369,
            0.9508196721311475
        ],
        "TS": [
            0.8645833333333334,
            0.7352941176470589,
            0.9215686274509803
        ],
        "PSW": [
            0.9232839838492598,
            0.95703125,
            0.9019607843137255
        ],
        "SW": [
            0.961609907120743,
            0.9424083769633508,
            0.8845278725824801
        ]
    },
    "f1": {
        "LR": [
            0.911890504704876,
            0.8581560283687943,
            0.9275634995296331
        ],
        "MST": [
            0.9507266926621766,
            0.9140832595217007,
            0.960767218831735
        ],
        "TS": [
            0.9273743016759777,
            0.8403361344537815,
            0.9543147208121827
        ],
        "PSW": [
            0.9183400267737617,
            0.8536585365853658,
            0.6927710843373494
        ],
        "SW": [
            0.9733625822626136,
            0.9549071618037135,
            0.9333733493397359
        ]
    },
    "specificity": {
        "LR": [
            0.9522506839094752,
            0.9649484536082474,
            0.9789248625534515
        ],
        "MST": [
            0.9975206611570248,
            0.9911458333333333,
            0.9873853211009175
        ],
        "TS": [
            1.0,
            0.9995915032679739,
            0.9997277429893819
        ],
        "PSW": [
            0.9850849013308858,
            0.9271457085828343,
            0.9491477272727272
        ],
        "SW": [
            0.9934021801491681,
            0.9863013698630136,
            0.9905800694100149
        ]
    }
}