{
    "accuracy": [
        0.8172185430463577,
        0.6287758346581876,
        0.8184669672613213
    ],
    "precision": {
        "LR": [
            0.6398026315789473,
            0.556390977443609,
            0.8817934782608695
        ],
        "MST": [
            0.920883164673413,
            0.9254385964912281,
            0.9670411985018726
        ],
        "TS": [
            0.08196721311475409,
            0.19047619047619047,
            0.04878048780487805
        ],
        "PSW": [
            0.4518950437317784,
            0.3675675675675676,
            0.5190156599552572
        ],
        "SW": [
            0.9473684210526315,
            0.9533011272141707,
            0.955196017423771
        ]
    },
    "recall": {
        "LR": [
            0.7764471057884231,
            0.2569444444444444,
            0.600925925925926
        ],
        "MST": [
            0.8636755823986195,
            0.7080536912751678,
            0.8776342624065262
        ],
        "TS": [
            0.09803921568627451,
            0.17647058823529413,
            0.020833333333333332
        ],
        "PSW": [
            0.6078431372549019,
            0.796875,
            0.9367429340511441
        ],
        "SW": [
            0.8703071672354948,
            0.774869109947644,
            0.9504643962848297
        ]
    },
    "f1": {
        "LR": [
            0.7015329125338142,
            0.3515439429928741,
            0.7147577092511013
        ],
        "MST": [
            0.8913624220837043,
            0.8022813688212928,
            0.9201710620099787
        ],
        "TS": [
            0.08928571428571429,
            0.183206106870229,
            0.029197080291970802
        ],
        "PSW": [
            0.5183946488294314,
            0.5030826140567201,
            0.6679462571976967
        ],
        "SW": [
            0.9072042691965609,
            0.8548736462093863,
            0.9528243327126009
        ]
    },
    "specificity": {
        "LR": [
            0.9331093463653024,
            0.9391752577319588,
            0.978363591146481
        ],
        "MST": [
            0.9671253822629969,
            0.9822916666666667,
            0.9878787878787879
        ],
        "TS": [
            0.9695072148107814,
            0.9791666666666666,
            0.984110816866979
        ],
        "PSW": [
            0.946590909090909,
            0.6497005988023952,
            0.8519963285910969
        ],
        "SW": [
            0.9578582052553297,
            0.9834474885844748,
            0.9793459552495697
        ]
    }
}