{
    "accuracy": [
        0.904610492845787,
        0.9556949617722015,
        0.9263576158940398
    ],
    "precision": {
        "LR": [
            0.8769771528998243,
            0.8879668049792531,
            0.8906810035842294
        ],
        "MST": [
            0.9681050656660413,
            0.993338267949667,
            0.9795737122557726
        ],
        "TS": [
            0.9622641509433962,
            1.0,
            0.9900990099009901
        ],
        "PSW": [
            0.78060413354531,
            0.9186785260482846,
            0.5690072639225182
        ],
        "SW": [
            0.98224043715847,
            0.988542329726289,
            0.9904882688649335
        ]
    },
    "recall": {
        "LR": [
            0.8663194444444444,
            0.9907407407407407,
            0.9920159680638723
        ],
        "MST": [
            0.8657718120805369,
            0.9123045547246771,
            0.9516824849007766
        ],
        "TS": [
            0.75,
            0.9739583333333334,
            0.9803921568627451
        ],
        "PSW": [
            0.958984375,
            0.9730820995962315,
            0.9215686274509803
        ],
        "SW": [
            0.9410994764397905,
            0.961609907120743,
            0.888509670079636
        ]
    },
    "f1": {
        "LR": [
            0.8716157205240175,
            0.936542669584245,
            0.9386213408876298
        ],
        "MST": [
            0.9140832595217007,
            0.9510985116938342,
            0.9654266958424508
        ],
        "TS": [
            0.8429752066115702,
            0.9868073878627969,
            0.9852216748768473
        ],
        "PSW": [
            0.8606485539000877,
            0.9450980392156862,
            0.7035928143712575
        ],
        "SW": [
            0.9612299465240641,
            0.9748901443816698,
            0.9367316341829085
        ]
    },
    "specificity": {
        "LR": [
            0.9639175257731959,
            0.9664262621238497,
            0.9813683567501528
        ],
        "MST": [
            0.9911458333333333,
            0.9975206611570248,
            0.9912079510703364
        ],
        "TS": [
            0.9991830065359477,
            1.0,
            0.9997277429893819
        ],
        "PSW": [
            0.9311377245508982,
            0.9853143643873337,
            0.9494318181818182
        ],
        "SW": [
            0.992579908675799,
            0.9948364888123924,
            0.992563212692117
        ]
    }
}