{
    "accuracy": [
        0.750728476821192,
        0.5210651828298887,
        0.6647716134091355
    ],
    "precision": {
        "LR": [
            0.5760233918128655,
            0.40053763440860213,
            0.9845505617977528
        ],
        "MST": [
            0.9328621908127208,
            0.9735294117647059,
            0.9813664596273292
        ],
        "TS": [
            0.9090909090909091,
            0.8181818181818182,
            1.0
        ],
        "PSW": [
            0.3022049286640726,
            0.3363136176066025,
            0.3031936955620075
        ],
        "SW": [
            0.9657434402332361,
            0.9936908517350158,
            0.9915309446254071
        ]
    },
    "recall": {
        "LR": [
            0.7864271457085829,
            0.2586805555555556,
            0.649074074074074
        ],
        "MST": [
            0.6833477135461605,
            0.5553691275167785,
            0.21481985044187626
        ],
        "TS": [
            0.8823529411764706,
            0.39705882352941174,
            0.6302083333333334
        ],
        "PSW": [
            0.9137254901960784,
            0.955078125,
            0.9838492597577388
        ],
        "SW": [
            0.7536973833902162,
            0.412303664921466,
            0.9424148606811146
        ]
    },
    "f1": {
        "LR": [
            0.6649789029535865,
            0.3143459915611814,
            0.7823660714285714
        ],
        "MST": [
            0.7888446215139442,
            0.7072649572649573,
            0.3524818739542666
        ],
        "TS": [
            0.8955223880597015,
            0.5346534653465347,
            0.7731629392971247
        ],
        "PSW": [
            0.45419103313840153,
            0.49745676500508645,
            0.4635383639822448
        ],
        "SW": [
            0.8466453674121406,
            0.5827937095282146,
            0.9663492063492064
        ]
    },
    "specificity": {
        "LR": [
            0.9114233353695785,
            0.8850515463917525,
            0.9972643620989804
        ],
        "MST": [
            0.9782110091743119,
            0.9953125,
            0.9983471074380166
        ],
        "TS": [
            0.9975496869044378,
            0.9975490196078431,
            1.0
        ],
        "PSW": [
            0.8471590909090909,
            0.5184630738522954,
            0.614502065167508
        ],
        "SW": [
            0.9766980664353,
            0.9988584474885844,
            0.9962707974756168
        ]
    }
}