{
    "accuracy": [
        0.8781869688385269,
        0.7961165048543689,
        0.7178743961352657,
        0.8186195826645265,
        0.8413712957582801,
        0.7191383595691798,
        0.868547832071576,
        0.7970253718285214,
        0.8492537313432836,
        0.806580259222333,
        0.844375
    ],
    "precision": {
        "LR": [
            0.6,
            0.5170731707317073,
            0.025974025974025976,
            0.057692307692307696,
            0.40625,
            0.18181818181818182,
            0.3611111111111111,
            0.18584070796460178,
            0.3821656050955414,
            0.05263157894736842,
            0.5504587155963303
        ],
        "MST": [
            0.9312169312169312,
            0.7821969696969697,
            0.6057692307692307,
            0.9069767441860465,
            0.8786885245901639,
            0.5133333333333333,
            0.8806262230919765,
            0.8767908309455588,
            0.8986384266263238,
            0.9379310344827586,
            0.9729166666666667
        ],
        "TS": [
            0.7258064516129032,
            0.3103448275862069,
            0.48,
            0.7142857142857143,
            0.14285714285714285,
            0.5636363636363636,
            0.8979591836734694,
            0.7142857142857143,
            0.21428571428571427,
            0.4444444444444444,
            0.16842105263157894
        ],
        "PSW": [
            0.48677248677248675,
            0.5075757575757576,
            0.39285714285714285,
            0.32989690721649484,
            0.44680851063829785,
            0.46511627906976744,
            0.6379310344827587,
            0.3826086956521739,
            0.4925373134328358,
            0.48333333333333334,
            0.5225225225225225
        ],
        "SW": [
            1.0,
            0.9774718397997497,
            0.966796875,
            0.967032967032967,
            0.9814126394052045,
            0.9627906976744186,
            0.9790732436472347,
            0.9570661896243292,
            0.9957850368809273,
            0.9726027397260274,
            0.9316770186335404
        ]
    },
    "recall": {
        "LR": [
            0.6078431372549019,
            0.6127167630057804,
            0.16666666666666666,
            0.1935483870967742,
            0.46017699115044247,
            0.5238095238095238,
            0.48148148148148145,
            0.3559322033898305,
            0.3870967741935484,
            0.3333333333333333,
            0.5825242718446602
        ],
        "MST": [
            0.9547920433996383,
            0.8394308943089431,
            0.8146551724137931,
            0.8357142857142857,
            0.8673139158576052,
            0.7738693467336684,
            0.9453781512605042,
            0.892128279883382,
            0.8959276018099548,
            0.7157894736842105,
            0.7618270799347472
        ],
        "TS": [
            0.3813559322033898,
            0.18243243243243243,
            0.13714285714285715,
            0.14563106796116504,
            0.10204081632653061,
            0.12757201646090535,
            0.5945945945945946,
            0.05813953488372093,
            0.1,
            0.23529411764705882,
            0.5161290322580645
        ],
        "PSW": [
            1.0,
            0.8701298701298701,
            1.0,
            1.0,
            0.9545454545454546,
            0.9523809523809523,
            1.0,
            1.0,
            0.8761061946902655,
            1.0,
            1.0
        ],
        "SW": [
            0.9328621908127208,
            0.9070847851335656,
            0.8490566037735849,
            0.9333333333333333,
            0.9051428571428571,
            0.9118942731277533,
            0.8756684491978609,
            0.8756137479541735,
            0.9555106167846309,
            0.8938848920863309,
            0.9433962264150944
        ]
    },
    "f1": {
        "LR": [
            0.6038961038961039,
            0.5608465608465608,
            0.0449438202247191,
            0.08888888888888889,
            0.4315352697095436,
            0.26993865030674846,
            0.4126984126984127,
            0.2441860465116279,
            0.38461538461538464,
            0.09090909090909091,
            0.5660377358490566
        ],
        "MST": [
            0.9428571428571428,
            0.8098039215686275,
            0.6948529411764706,
            0.8698884758364313,
            0.8729641693811075,
            0.6172344689378757,
            0.9118541033434651,
            0.884393063583815,
            0.8972809667673716,
            0.8119402985074626,
            0.8545288197621226
        ],
        "TS": [
            0.5,
            0.2297872340425532,
            0.21333333333333335,
            0.24193548387096775,
            0.11904761904761904,
            0.2080536912751678,
            0.7154471544715447,
            0.10752688172043011,
            0.13636363636363635,
            0.3076923076923077,
            0.25396825396825395
        ],
        "PSW": [
            0.6548042704626335,
            0.6411483253588517,
            0.5641025641025641,
            0.49612403100775193,
            0.6086956521739131,
            0.625,
            0.7789473684210526,
            0.5534591194968553,
            0.6305732484076433,
            0.651685393258427,
            0.6863905325443787
        ],
        "SW": [
            0.9652650822669104,
            0.9409638554216867,
            0.9041095890410958,
            0.9498843484965305,
            0.9417360285374554,
            0.9366515837104072,
            0.9244883556810163,
            0.9145299145299145,
            0.9752321981424149,
            0.9315838800374883,
            0.9375
        ]
    },
    "specificity": {
        "LR": [
            0.9615384615384616,
            0.9372623574144486,
            0.9266862170087976,
            0.9193415637860082,
            0.9527363184079602,
            0.9150214592274678,
            0.9497084548104956,
            0.915129151291513,
            0.9477088948787062,
            0.8716904276985743,
            0.9672678690714763
        ],
        "MST": [
            0.9678217821782178,
            0.9086576648133439,
            0.8468244084682441,
            0.9564164648910412,
            0.9329102447869447,
            0.8551587301587301,
            0.9375639713408394,
            0.94625,
            0.9502598366740905,
            0.971107544141252,
            0.9868287740628167
        ],
        "TS": [
            0.9896782027929569,
            0.9625701809107923,
            0.9697674418604652,
            0.994750656167979,
            0.9820574162679426,
            0.975103734439834,
            0.9963741841914431,
            0.9981078524124882,
            0.9828125,
            0.9949290060851927,
            0.9496494582536648
        ],
        "PSW": [
            0.9420203227734608,
            0.9611708482676224,
            0.9491017964071856,
            0.9464579901153213,
            0.9528700906344411,
            0.9605150214592275,
            0.9695431472081218,
            0.935395814376706,
            0.9462308908803374,
            0.9681724845995893,
            0.9656290531776913
        ],
        "SW": [
            1.0,
            0.9797752808988764,
            0.9623893805309734,
            0.9641638225255973,
            0.9822695035460993,
            0.9543726235741445,
            0.9801418439716312,
            0.9548872180451128,
            0.9960822722820764,
            0.9686800894854586,
            0.9316770186335404
        ]
    }
}