{
    "accuracy": [
        0.8703597944031982,
        0.8993020937188435,
        0.7705053852526926,
        0.9022711631108052,
        0.943125,
        0.9337110481586403,
        0.9105171411969785,
        0.9303482587064676,
        0.8915135608048994,
        0.8924558587479936,
        0.7913043478260869
    ],
    "precision": {
        "LR": [
            0.7475247524752475,
            0.28378378378378377,
            0.42857142857142855,
            0.5955882352941176,
            0.7923076923076923,
            0.7823834196891192,
            0.6111111111111112,
            0.8206521739130435,
            0.8,
            0.3333333333333333,
            0.08247422680412371
        ],
        "MST": [
            0.8435114503816794,
            0.9943977591036415,
            0.5138461538461538,
            0.9510022271714922,
            0.9946902654867257,
            0.9499105545617174,
            0.9844290657439446,
            0.9238805970149254,
            0.8812664907651715,
            0.9158653846153846,
            0.7342192691029901
        ],
        "TS": [
            0.6296296296296297,
            0.1111111111111111,
            0.7662337662337663,
            0.9375,
            0.48936170212765956,
            0.9295774647887324,
            0.375,
            0.6578947368421053,
            0.9444444444444444,
            0.92,
            0.9393939393939394
        ],
        "PSW": [
            0.5746268656716418,
            0.5,
            0.5,
            0.578125,
            0.6304347826086957,
            0.6842105263157895,
            0.6842105263157895,
            0.7290322580645161,
            0.4230769230769231,
            0.48484848484848486,
            0.4782608695652174
        ],
        "SW": [
            0.991358024691358,
            0.9979838709677419,
            0.9951845906902087,
            0.9884393063583815,
            0.9960835509138382,
            1.0,
            0.9817073170731707,
            0.9989615784008308,
            0.9945848375451264,
            0.9952153110047847,
            0.9860557768924303
        ]
    },
    "recall": {
        "LR": [
            0.8728323699421965,
            1.0,
            1.0,
            1.0,
            1.0,
            0.9869281045751634,
            0.9734513274336283,
            0.9741935483870968,
            0.9491525423728814,
            0.9354838709677419,
            0.6666666666666666
        ],
        "MST": [
            0.8983739837398373,
            0.9342105263157895,
            0.8391959798994975,
            0.8970588235294118,
            0.9168026101141925,
            0.9602169981916817,
            0.9207119741100324,
            0.9336349924585219,
            0.9737609329446064,
            0.9071428571428571,
            0.9525862068965517
        ],
        "TS": [
            0.34459459459459457,
            0.11764705882352941,
            0.24279835390946503,
            0.6081081081081081,
            0.7419354838709677,
            0.559322033898305,
            0.3673469387755102,
            0.2777777777777778,
            0.3953488372093023,
            0.44660194174757284,
            0.35428571428571426
        ],
        "PSW": [
            1.0,
            1.0,
            1.0,
            1.0,
            1.0,
            0.9891304347826086,
            0.9848484848484849,
            1.0,
            1.0,
            1.0,
            1.0
        ],
        "SW": [
            0.9326364692218351,
            0.8902877697841727,
            0.9104258443465492,
            0.9144385026737968,
            0.959748427672956,
            0.9528857479387515,
            0.92,
            0.9726996966632963,
            0.9018003273322422,
            0.9454545454545454,
            0.8490566037735849
        ]
    },
    "f1": {
        "LR": [
            0.8053333333333333,
            0.4421052631578947,
            0.6,
            0.7465437788018433,
            0.8841201716738197,
            0.8728323699421965,
            0.7508532423208191,
            0.8908554572271387,
            0.8682170542635659,
            0.4915254237288136,
            0.14678899082568808
        ],
        "MST": [
            0.8700787401574803,
            0.9633649932157394,
            0.6374045801526718,
            0.9232432432432433,
            0.9541595925297114,
            0.9550359712230215,
            0.9515050167224081,
            0.9287321830457614,
            0.925207756232687,
            0.9114832535885168,
            0.8292682926829268
        ],
        "TS": [
            0.44541484716157204,
            0.11428571428571428,
            0.36875,
            0.7377049180327869,
            0.5897435897435898,
            0.6984126984126984,
            0.3711340206185567,
            0.390625,
            0.5573770491803278,
            0.6013071895424836,
            0.5145228215767634
        ],
        "PSW": [
            0.7298578199052133,
            0.6666666666666666,
            0.6666666666666666,
            0.7326732673267327,
            0.7733333333333333,
            0.8088888888888889,
            0.8074534161490683,
            0.8432835820895522,
            0.5945945945945946,
            0.6530612244897959,
            0.6470588235294118
        ],
        "SW": [
            0.9611011370436864,
            0.94106463878327,
            0.950920245398773,
            0.95,
            0.9775784753363229,
            0.9758745476477684,
            0.9498525073746312,
            0.985655737704918,
            0.9459227467811159,
            0.9696969696969697,
            0.9124423963133641
        ]
    },
    "specificity": {
        "LR": [
            0.967680608365019,
            0.9460285132382892,
            0.951931330472103,
            0.9599125364431487,
            0.9819639278557114,
            0.9739454094292804,
            0.9564676616915423,
            0.982210242587601,
            0.9870848708487084,
            0.9522633744855967,
            0.9130009775171065
        ],
        "MST": [
            0.9348689436060366,
            0.9967897271268058,
            0.8432539682539683,
            0.977482088024565,
            0.9969604863221885,
            0.976897689768977,
            0.9918404351767905,
            0.9621380846325167,
            0.94375,
            0.9576271186440678,
            0.900373599003736
        ],
        "TS": [
            0.9812850904553961,
            0.9837728194726166,
            0.9813278008298755,
            0.9978245105148659,
            0.9847036328871893,
            0.9969641772920461,
            0.9820574162679426,
            0.9932291666666667,
            0.9981078524124882,
            0.9965004374453194,
            0.9953488372093023
        ],
        "PSW": [
            0.9659498207885304,
            0.9702258726899384,
            0.9639484978540772,
            0.9608411892675852,
            0.9779507133592736,
            0.9748953974895398,
            0.9818731117824774,
            0.977859778597786,
            0.9454049135577798,
            0.9719934102141681,
            0.9640718562874252
        ],
        "SW": [
            0.9921348314606742,
            0.9977628635346756,
            0.9942965779467681,
            0.9886524822695035,
            0.9962732919254659,
            1.0,
            0.9822695035460993,
            0.9990205680705191,
            0.9943609022556391,
            0.9948805460750854,
            0.9845132743362832
        ]
    }
}