{
    "accuracy": [
        0.7710144927536232,
        0.8985835694050992,
        0.862870424171993,
        0.8492290119931468,
        0.752278376139188,
        0.918125,
        0.8726772195457674,
        0.8656716417910447,
        0.8434991974317817,
        0.8703888334995015,
        0.8460192475940508
    ],
    "precision": {
        "LR": [
            0.06315789473684211,
            0.7006369426751592,
            0.4632768361581921,
            0.6684210526315789,
            0.2702702702702703,
            0.5828571428571429,
            0.477124183006536,
            0.5029239766081871,
            0.22727272727272727,
            0.13414634146341464,
            0.38317757009345793
        ],
        "MST": [
            0.7517482517482518,
            0.9532374100719424,
            0.9773123909249564,
            0.8505747126436781,
            0.5339233038348082,
            1.0,
            0.9527027027027027,
            0.9270186335403726,
            0.9075425790754258,
            1.0,
            0.8961748633879781
        ],
        "TS": [
            1.0,
            0.9696969696969697,
            0.475,
            0.8870967741935484,
            1.0,
            0.88,
            0.9215686274509803,
            0.8157894736842105,
            1.0,
            0.07142857142857142,
            0.9743589743589743
        ],
        "PSW": [
            0.3235294117647059,
            0.46938775510204084,
            0.39759036144578314,
            0.4117647058823529,
            0.3707865168539326,
            0.5370370370370371,
            0.5103448275862069,
            0.43478260869565216,
            0.1891891891891892,
            0.39705882352941174,
            0.3577981651376147
        ],
        "SW": [
            0.9837728194726166,
            1.0,
            0.9908496732026144,
            0.9924050632911392,
            0.9933993399339934,
            0.9931506849315068,
            0.9863636363636363,
            0.9989212513484358,
            0.9803600654664485,
            0.9897330595482546,
            0.9980842911877394
        ]
    },
    "recall": {
        "LR": [
            0.5,
            0.7189542483660131,
            0.7256637168141593,
            0.7341040462427746,
            0.7142857142857143,
            0.9902912621359223,
            0.9012345679012346,
            0.5548387096774193,
            0.8064516129032258,
            0.5238095238095238,
            0.6949152542372882
        ],
        "MST": [
            0.9267241379310345,
            0.9584086799276673,
            0.9061488673139159,
            0.9024390243902439,
            0.9095477386934674,
            0.9168026101141925,
            0.8886554621848739,
            0.9004524886877828,
            0.888095238095238,
            0.9263157894736842,
            0.956268221574344
        ],
        "TS": [
            0.33714285714285713,
            0.5423728813559322,
            0.3877551020408163,
            0.3716216216216216,
            0.2551440329218107,
            0.7096774193548387,
            0.6351351351351351,
            0.34444444444444444,
            0.3883495145631068,
            0.058823529411764705,
            0.4418604651162791
        ],
        "PSW": [
            1.0,
            1.0,
            1.0,
            1.0,
            0.7857142857142857,
            1.0,
            1.0,
            0.8849557522123894,
            0.4375,
            0.9310344827586207,
            0.8863636363636364
        ],
        "SW": [
            0.8319039451114922,
            0.9305064782096584,
            0.8662857142857143,
            0.9105691056910569,
            0.8839941262848752,
            0.9119496855345912,
            0.8703208556149733,
            0.9362992922143579,
            0.9075757575757576,
            0.8669064748201439,
            0.8527004909983633
        ]
    },
    "f1": {
        "LR": [
            0.11214953271028037,
            0.7096774193548387,
            0.5655172413793104,
            0.699724517906336,
            0.39215686274509803,
            0.7338129496402878,
            0.6239316239316239,
            0.5276073619631901,
            0.3546099290780142,
            0.21359223300970873,
            0.4939759036144578
        ],
        "MST": [
            0.8301158301158301,
            0.9558160504959423,
            0.9403862300587741,
            0.8757396449704142,
            0.6728624535315985,
            0.9565957446808511,
            0.9195652173913044,
            0.9135424636572304,
            0.8977135980746089,
            0.9617486338797814,
            0.92524682651622
        ],
        "TS": [
            0.5042735042735043,
            0.6956521739130435,
            0.42696629213483145,
            0.5238095238095238,
            0.4065573770491803,
            0.7857142857142857,
            0.752,
            0.484375,
            0.5594405594405595,
            0.06451612903225806,
            0.608
        ],
        "PSW": [
            0.4888888888888889,
            0.6388888888888888,
            0.5689655172413793,
            0.5833333333333334,
            0.5038167938931297,
            0.6987951807228916,
            0.6757990867579908,
            0.5830903790087464,
            0.2641509433962264,
            0.5567010309278351,
            0.5098039215686274
        ],
        "SW": [
            0.9014869888475836,
            0.9640024405125076,
            0.9243902439024391,
            0.9497274379164143,
            0.9355089355089355,
            0.9508196721311475,
            0.9247159090909091,
            0.9665970772442589,
            0.9425649095200629,
            0.9242569511025887,
            0.9196822594880847
        ]
    },
    "specificity": {
        "LR": [
            0.9130009775171065,
            0.9708436724565757,
            0.9409203980099502,
            0.9600760456273765,
            0.9304721030042918,
            0.9512358049432198,
            0.9416909620991254,
            0.954177897574124,
            0.9300411522633745,
            0.9276985743380856,
            0.9391143911439115
        ],
        "MST": [
            0.9115815691158157,
            0.9785478547854786,
            0.9882139619220308,
            0.938046068308181,
            0.8432539682539683,
            1.0,
            0.9785056294779939,
            0.9651076466221232,
            0.9539951573849879,
            1.0,
            0.9525
        ],
        "TS": [
            1.0,
            0.9987856709168185,
            0.9874401913875598,
            0.9956331877729258,
            1.0,
            0.9980879541108987,
            0.9970993473531544,
            0.9963541666666667,
            1.0,
            0.986815415821501,
            0.9990539262062441
        ],
        "PSW": [
            0.9311377245508982,
            0.9378362223550508,
            0.9395770392749244,
            0.9342891278375149,
            0.951931330472103,
            0.9675745784695201,
            0.9485134155184917,
            0.9314707432788614,
            0.9505766062602965,
            0.9579055441478439,
            0.9363057324840764
        ],
        "SW": [
            0.9823008849557522,
            1.0,
            0.991725768321513,
            0.9932584269662922,
            0.9923954372623575,
            0.9937888198757764,
            0.9872340425531915,
            0.9990205680705191,
            0.9795221843003413,
            0.9888143176733781,
            0.9981203007518797
        ]
    }
}