{
    "accuracy": [
        0.943125,
        0.7837613918806959,
        0.8850653819683414,
        0.9023823358512493,
        0.9102691924227319,
        0.8766404199475065,
        0.7893719806763285,
        0.8965174129353234,
        0.8732153055396916,
        0.8780096308186196,
        0.9155807365439094
    ],
    "precision": {
        "LR": [
            0.7006802721088435,
            0.3764705882352941,
            0.4785276073619632,
            0.5894039735099338,
            0.2571428571428571,
            0.4270833333333333,
            0.11392405063291139,
            0.6486486486486487,
            0.8129032258064516,
            0.3411764705882353,
            0.785234899328859
        ],
        "MST": [
            0.9930555555555556,
            0.5389048991354467,
            0.9423503325942351,
            0.9714285714285714,
            0.9917127071823204,
            0.8885869565217391,
            0.7214765100671141,
            0.915680473372781,
            0.8458715596330275,
            0.8764845605700713,
            0.9484902309058615
        ],
        "TS": [
            0.9545454545454546,
            0.9846153846153847,
            0.9512195121951219,
            0.43333333333333335,
            0.25,
            1.0,
            0.9636363636363636,
            0.8888888888888888,
            0.875,
            1.0,
            0.96875
        ],
        "PSW": [
            0.6590909090909091,
            0.45569620253164556,
            0.6166666666666667,
            0.515625,
            0.5625,
            0.5365853658536586,
            0.3780487804878049,
            0.5223880597014925,
            0.4873417721518987,
            0.47058823529411764,
            0.5168539325842697
        ],
        "SW": [
            0.984354628422425,
            0.993660855784469,
            0.9882005899705014,
            0.9877600979192166,
            0.9902152641878669,
            0.9874326750448833,
            0.9769673704414588,
            1.0,
            0.974910394265233,
            0.9734789391575663,
            1.0
        ]
    },
    "recall": {
        "LR": [
            1.0,
            0.7619047619047619,
            0.9629629629629629,
            0.7876106194690266,
            0.8571428571428571,
            0.6949152542372882,
            0.75,
            0.6193548387096774,
            0.7283236994219653,
            0.9354838709677419,
            0.7647058823529411
        ],
        "MST": [
            0.933115823817292,
            0.9396984924623115,
            0.8928571428571429,
            0.9352750809061489,
            0.9447368421052632,
            0.9533527696793003,
            0.9267241379310345,
            0.9336349924585219,
            0.9369918699186992,
            0.8785714285714286,
            0.9656419529837251
        ],
        "TS": [
            0.6774193548387096,
            0.26337448559670784,
            0.527027027027027,
            0.2653061224489796,
            0.17647058823529413,
            0.46511627906976744,
            0.3028571428571429,
            0.26666666666666666,
            0.3310810810810811,
            0.46601941747572817,
            0.5254237288135594
        ],
        "PSW": [
            1.0,
            0.8571428571428571,
            1.0,
            1.0,
            0.9310344827586207,
            1.0,
            0.9393939393939394,
            0.9292035398230089,
            1.0,
            0.75,
            1.0
        ],
        "SW": [
            0.949685534591195,
            0.920704845814978,
            0.8957219251336899,
            0.9222857142857143,
            0.9100719424460432,
            0.900163666121113,
            0.8730703259005146,
            0.9686552072800809,
            0.9477351916376306,
            0.9454545454545454,
            0.9552414605418139
        ]
    },
    "f1": {
        "LR": [
            0.824,
            0.5039370078740157,
            0.639344262295082,
            0.6742424242424242,
            0.3956043956043956,
            0.5290322580645161,
            0.1978021978021978,
            0.6336633663366337,
            0.7682926829268293,
            0.5,
            0.7748344370860927
        ],
        "MST": [
            0.9621530698065601,
            0.684981684981685,
            0.9169363538295577,
            0.9530090684253916,
            0.967654986522911,
            0.919831223628692,
            0.8113207547169812,
            0.9245705750560119,
            0.8891031822565092,
            0.8775267538644471,
            0.956989247311828
        ],
        "TS": [
            0.7924528301886793,
            0.4155844155844156,
            0.6782608695652174,
            0.3291139240506329,
            0.20689655172413793,
            0.6349206349206349,
            0.4608695652173913,
            0.41025641025641024,
            0.4803921568627451,
            0.6357615894039735,
            0.6813186813186813
        ],
        "PSW": [
            0.7945205479452054,
            0.5950413223140496,
            0.7628865979381443,
            0.6804123711340206,
            0.7012987012987013,
            0.6984126984126984,
            0.5391304347826087,
            0.6687898089171974,
            0.6553191489361702,
            0.5783132530120482,
            0.6814814814814815
        ],
        "SW": [
            0.9667093469910372,
            0.9557926829268293,
            0.9396914446002805,
            0.9539007092198581,
            0.9484536082474226,
            0.9417808219178082,
            0.9221014492753623,
            0.9840780688238315,
            0.9611307420494699,
            0.9592621060722522,
            0.9771084337349397
        ]
    },
    "specificity": {
        "LR": [
            0.9706078824315297,
            0.9545064377682403,
            0.9380466472303207,
            0.9614427860696517,
            0.9470468431771895,
            0.9492619926199262,
            0.9315738025415444,
            0.9719676549865229,
            0.9816223067173637,
            0.9539094650205762,
            0.9801488833746899
        ],
        "MST": [
            0.9959473150962512,
            0.8412698412698413,
            0.9733879222108496,
            0.9845874886672711,
            0.9951845906902087,
            0.94875,
            0.8966376089663761,
            0.9576837416481069,
            0.9332803812549643,
            0.937046004842615,
            0.9760726072607261
        ],
        "TS": [
            0.9993626513702996,
            0.9989626556016598,
            0.9985496736765772,
            0.9898325358851675,
            0.9908722109533469,
            1.0,
            0.9976744186046511,
            0.9984375,
            0.9956331877729258,
            1.0,
            0.9987856709168185
        ],
        "PSW": [
            0.980544747081712,
            0.9630901287553648,
            0.9666424945612763,
            0.9625377643504531,
            0.9784394250513347,
            0.9654231119199272,
            0.9491017964071856,
            0.9493937796520823,
            0.9516129032258065,
            0.9777594728171335,
            0.9485953377166766
        ],
        "SW": [
            0.9850931677018634,
            0.9923954372623575,
            0.9886524822695035,
            0.9881796690307328,
            0.9888143176733781,
            0.9868421052631579,
            0.9734513274336283,
            1.0,
            0.9764044943820225,
            0.9709897610921502,
            1.0
        ]
    }
}