{
    "accuracy": [
        0.9521435692921236,
        0.9359944941500344,
        0.9245585874799358,
        0.9459616502033701,
        0.8392709196354599,
        0.9529745042492918,
        0.9139303482587064,
        0.9098862642169728,
        0.923472301541976,
        0.8743961352657005,
        0.965625
    ],
    "precision": {
        "LR": [
            0.45652173913043476,
            0.5689655172413793,
            0.6170212765957447,
            0.8842975206611571,
            0.640625,
            0.8323699421965318,
            0.7310344827586207,
            0.7333333333333333,
            0.8697916666666666,
            0.2033898305084746,
            0.7983870967741935
        ],
        "MST": [
            1.0,
            0.9445628997867804,
            0.896551724137931,
            0.97,
            0.553072625698324,
            0.9546247818499127,
            0.9397058823529412,
            0.8918918918918919,
            0.8710865561694291,
            0.7598684210526315,
            1.0
        ],
        "TS": [
            0.5,
            0.9636363636363636,
            1.0,
            0.5625,
            1.0,
            0.9545454545454546,
            0.7580645161290323,
            0.9583333333333334,
            0.875,
            1.0,
            0.7837837837837838
        ],
        "PSW": [
            0.717948717948718,
            0.8372093023255814,
            0.7111111111111111,
            0.7096774193548387,
            0.78,
            0.7735849056603774,
            0.6206896551724138,
            0.5316455696202531,
            0.7525773195876289,
            0.7674418604651163,
            0.7464788732394366
        ],
        "SW": [
            1.0,
            0.9986244841815681,
            0.9728915662650602,
            0.9928825622775801,
            1.0,
            1.0,
            0.976482617586912,
            0.974025974025974,
            0.9951865222623345,
            1.0,
            0.9947159841479525
        ]
    },
    "recall": {
        "LR": [
            1.0,
            0.8148148148148148,
            0.9354838709677419,
            0.9469026548672567,
            0.9761904761904762,
            0.9411764705882353,
            0.6838709677419355,
            0.3728813559322034,
            0.9653179190751445,
            1.0,
            0.9611650485436893
        ],
        "MST": [
            0.9578947368421052,
            0.930672268907563,
            0.9285714285714286,
            0.941747572815534,
            0.9949748743718593,
            0.9891500904159132,
            0.9638009049773756,
            0.9620991253644315,
            0.9613821138211383,
            0.9956896551724138,
            0.9967373572593801
        ],
        "TS": [
            0.7058823529411765,
            0.7162162162162162,
            0.5339805825242718,
            0.7346938775510204,
            0.32510288065843623,
            0.711864406779661,
            0.5222222222222223,
            0.5348837209302325,
            0.5202702702702703,
            0.5485714285714286,
            0.9354838709677419
        ],
        "PSW": [
            0.9655172413793104,
            0.972972972972973,
            1.0,
            1.0,
            0.9285714285714286,
            0.8913043478260869,
            0.7964601769911505,
            0.9545454545454546,
            0.948051948051948,
            1.0,
            0.9137931034482759
        ],
        "SW": [
            0.9532374100719424,
            0.9705882352941176,
            0.9787878787878788,
            0.9565714285714285,
            0.9632892804698973,
            0.9717314487632509,
            0.9656218402426694,
            0.9819967266775778,
            0.9605110336817654,
            0.9142367066895368,
            0.9471698113207547
        ]
    },
    "f1": {
        "LR": [
            0.6268656716417911,
            0.6700507614213198,
            0.7435897435897436,
            0.9145299145299145,
            0.7735849056603774,
            0.8834355828220859,
            0.7066666666666667,
            0.4943820224719101,
            0.915068493150685,
            0.3380281690140845,
            0.8722466960352423
        ],
        "MST": [
            0.978494623655914,
            0.9375661375661376,
            0.9122807017543859,
            0.9556650246305419,
            0.7109515260323159,
            0.9715808170515098,
            0.9516008935219658,
            0.9256661991584852,
            0.9140096618357488,
            0.8619402985074627,
            0.9983660130718954
        ],
        "TS": [
            0.5853658536585366,
            0.8217054263565892,
            0.6962025316455697,
            0.6371681415929203,
            0.4906832298136646,
            0.8155339805825242,
            0.618421052631579,
            0.6865671641791045,
            0.652542372881356,
            0.7084870848708487,
            0.8529411764705882
        ],
        "PSW": [
            0.8235294117647058,
            0.9,
            0.8311688311688312,
            0.8301886792452831,
            0.8478260869565217,
            0.8282828282828283,
            0.6976744186046512,
            0.6829268292682927,
            0.8390804597701149,
            0.868421052631579,
            0.8217054263565892
        ],
        "SW": [
            0.9760589318600368,
            0.984406779661017,
            0.9758308157099698,
            0.9743888242142026,
            0.981301421091997,
            0.985663082437276,
            0.971021860701576,
            0.9779951100244498,
            0.9775413711583925,
            0.9551971326164874,
            0.970360824742268
        ]
    },
    "specificity": {
        "LR": [
            0.9745417515274949,
            0.9635568513119533,
            0.9851851851851852,
            0.9912935323383084,
            0.9802575107296138,
            0.9820099255583127,
            0.9789757412398922,
            0.992619926199262,
            0.9841571609632446,
            0.9540566959921799,
            0.9832999331997327
        ],
        "MST": [
            1.0,
            0.9733879222108496,
            0.9455205811138014,
            0.9836808703535811,
            0.8412698412698413,
            0.9785478547854786,
            0.9695619896065331,
            0.95,
            0.9444003177124702,
            0.9090909090909091,
            1.0
        ],
        "TS": [
            0.9878296146044625,
            0.9985496736765772,
            1.0,
            0.9832535885167464,
            1.0,
            0.9975713418336369,
            0.9921875,
            0.9981078524124882,
            0.9931378665003119,
            1.0,
            0.9949012109623965
        ],
        "PSW": [
            0.9887063655030801,
            0.9898477157360406,
            0.9892915980230642,
            0.9836858006042296,
            0.9905579399141631,
            0.9856545128511656,
            0.9710068529256721,
            0.9663330300272975,
            0.985663082437276,
            0.9900199600798403,
            0.9883268482490273
        ],
        "SW": [
            1.0,
            0.9985815602836879,
            0.9692832764505119,
            0.9929078014184397,
            1.0,
            1.0,
            0.9774730656219393,
            0.9699248120300752,
            0.9955056179775281,
            1.0,
            0.9950310559006211
        ]
    }
}