{
    "accuracy": [
        0.7757117954677513,
        0.7516908212560387,
        0.826956025128498,
        0.8666666666666667,
        0.8821529745042493,
        0.8376139188069595,
        0.8818897637795275,
        0.814375,
        0.7935306262904336,
        0.765702891326022,
        0.833868378812199
    ],
    "precision": {
        "LR": [
            0.4824561403508772,
            0.08148148148148149,
            0.6007326007326007,
            0.6485148514851485,
            0.6761904761904762,
            0.3565217391304348,
            0.43137254901960786,
            0.6521739130434783,
            0.3815028901734104,
            0.2,
            0.3333333333333333
        ],
        "MST": [
            0.9750623441396509,
            0.925531914893617,
            0.9634831460674157,
            0.9621621621621622,
            0.9915254237288136,
            0.7510373443983402,
            0.956386292834891,
            0.9423963133640553,
            0.9396551724137931,
            0.9705882352941176,
            0.9652996845425867
        ],
        "TS": [
            0.11009174311926606,
            0.6973684210526315,
            0.5363636363636364,
            0.3656716417910448,
            0.5337837837837838,
            0.9625,
            0.7319587628865979,
            0.07222222222222222,
            0.3219178082191781,
            0.0,
            0.4927536231884058
        ],
        "PSW": [
            0.5517241379310345,
            0.336734693877551,
            0.528169014084507,
            0.5527638190954773,
            0.5806451612903226,
            0.45161290322580644,
            0.65625,
            0.5471698113207547,
            0.5259259259259259,
            0.48214285714285715,
            0.38271604938271603
        ],
        "SW": [
            0.9841688654353562,
            0.9826839826839827,
            0.9842105263157894,
            0.9978260869565218,
            0.9974358974358974,
            0.9916387959866221,
            0.9731663685152058,
            0.9878706199460916,
            0.9861751152073732,
            0.9891540130151844,
            0.971107544141252
        ]
    },
    "recall": {
        "LR": [
            0.9734513274336283,
            0.9166666666666666,
            0.9479768786127167,
            0.8451612903225807,
            0.9281045751633987,
            0.9761904761904762,
            0.7457627118644068,
            0.8737864077669902,
            0.8148148148148148,
            1.0,
            0.9354838709677419
        ],
        "MST": [
            0.6326860841423948,
            0.75,
            0.6971544715447154,
            0.8054298642533937,
            0.8462929475587704,
            0.9095477386934674,
            0.8950437317784257,
            0.66721044045677,
            0.6869747899159664,
            0.6947368421052632,
            0.7285714285714285
        ],
        "TS": [
            0.4897959183673469,
            0.6057142857142858,
            0.7972972972972973,
            0.5444444444444444,
            0.6694915254237288,
            0.6337448559670782,
            0.8255813953488372,
            0.41935483870967744,
            0.6351351351351351,
            0.0,
            0.6601941747572816
        ],
        "PSW": [
            0.9696969696969697,
            1.0,
            0.974025974025974,
            0.9734513274336283,
            0.9782608695652174,
            1.0,
            0.9545454545454546,
            1.0,
            0.9594594594594594,
            0.9310344827586207,
            0.96875
        ],
        "SW": [
            0.8525714285714285,
            0.7787307032590052,
            0.8687572590011614,
            0.9282103134479271,
            0.9163722025912838,
            0.8707782672540382,
            0.8903436988543372,
            0.9220125786163522,
            0.8582887700534759,
            0.8201438848920863,
            0.9166666666666666
        ]
    },
    "f1": {
        "LR": [
            0.6451612903225806,
            0.14965986394557823,
            0.7354260089686099,
            0.7338935574229691,
            0.7823691460055097,
            0.5222929936305732,
            0.546583850931677,
            0.7468879668049793,
            0.5196850393700787,
            0.3333333333333333,
            0.4915254237288136
        ],
        "MST": [
            0.7674190382728164,
            0.8285714285714286,
            0.8089622641509434,
            0.8768472906403941,
            0.9131707317073171,
            0.8227272727272728,
            0.9246987951807228,
            0.7812798471824259,
            0.7936893203883495,
            0.8098159509202454,
            0.830393487109905
        ],
        "TS": [
            0.1797752808988764,
            0.6483180428134556,
            0.6413043478260869,
            0.4375,
            0.5939849624060151,
            0.7642679900744417,
            0.7759562841530054,
            0.12322274881516587,
            0.42727272727272725,
            0.0,
            0.5643153526970954
        ],
        "PSW": [
            0.7032967032967034,
            0.5038167938931297,
            0.684931506849315,
            0.7051282051282052,
            0.728744939271255,
            0.6222222222222222,
            0.7777777777777778,
            0.7073170731707317,
            0.6794258373205742,
            0.6352941176470588,
            0.5486725663716814
        ],
        "SW": [
            0.9136558481322719,
            0.8688995215311005,
            0.9228871067242443,
            0.961760083813515,
            0.9551872314303254,
            0.9272869429241595,
            0.9299145299145299,
            0.9538061158100195,
            0.9177984274481773,
            0.8967551622418879,
            0.9431021044427124
        ]
    },
    "specificity": {
        "LR": [
            0.9266169154228856,
            0.8787878787878788,
            0.9309252217997465,
            0.9617250673854447,
            0.9578163771712159,
            0.936480686695279,
            0.9464944649446494,
            0.9679358717434869,
            0.9220116618075802,
            0.9144602851323829,
            0.9522633744855967
        ],
        "MST": [
            0.9909338168631007,
            0.9825653798256538,
            0.9896743447180302,
            0.9844097995545658,
            0.9966996699669967,
            0.9404761904761905,
            0.9825,
            0.9746707193515705,
            0.9785056294779939,
            0.9871589085072231,
            0.986682808716707
        ],
        "TS": [
            0.8839712918660287,
            0.9465116279069767,
            0.9363693075483468,
            0.9557291666666666,
            0.9581056466302368,
            0.9937759336099585,
            0.9754020813623463,
            0.8935627788400254,
            0.9282088469905729,
            0.8894523326572008,
            0.9387576552930884
        ],
        "PSW": [
            0.9685800604229607,
            0.935129740518962,
            0.9599761051373955,
            0.9530838165524512,
            0.9611476389719068,
            0.9562231759656652,
            0.9799818016378526,
            0.9688715953307393,
            0.9535895576504714,
            0.9702258726899384,
            0.9588138385502472
        ],
        "SW": [
            0.9858156028368794,
            0.9823008849557522,
            0.9865168539325843,
            0.9980411361410382,
            0.9978165938864629,
            0.9904942965779467,
            0.9718045112781954,
            0.9888198757763975,
            0.9872340425531915,
            0.9888143176733781,
            0.9692832764505119
        ]
    }
}