{
    "accuracy": [
        0.9621136590229312,
        0.9705382436260623,
        0.9558396281231842,
        0.9675,
        0.8830917874396135,
        0.9365971107544141,
        0.9186351706036745,
        0.9463179628355127,
        0.9291833238149628,
        0.8533554266777134,
        0.9208955223880597
    ],
    "precision": {
        "LR": [
            0.5384615384615384,
            0.926829268292683,
            0.8916666666666667,
            0.8389830508474576,
            0.22641509433962265,
            0.6744186046511628,
            0.84375,
            0.6134453781512605,
            0.893048128342246,
            0.7777777777777778,
            0.7971014492753623
        ],
        "MST": [
            1.0,
            0.9562937062937062,
            0.9732441471571907,
            1.0,
            0.7598684210526315,
            0.908256880733945,
            0.8924731182795699,
            0.9466950959488273,
            0.8713235294117647,
            0.559322033898305,
            0.9400584795321637
        ],
        "TS": [
            0.5384615384615384,
            0.9565217391304348,
            0.5692307692307692,
            0.7837837837837838,
            1.0,
            1.0,
            0.9583333333333334,
            0.9636363636363636,
            0.875,
            1.0,
            0.7121212121212122
        ],
        "PSW": [
            0.7837837837837838,
            0.89,
            0.8354430379746836,
            0.7162162162162162,
            0.825,
            0.7272727272727273,
            0.5833333333333334,
            0.9367088607594937,
            0.7872340425531915,
            0.8235294117647058,
            0.6506849315068494
        ],
        "SW": [
            1.0,
            1.0,
            0.9930151338766007,
            0.9947368421052631,
            1.0,
            0.9804511278195489,
            0.9741518578352181,
            1.0,
            0.9964200477326969,
            1.0,
            0.9795081967213115
        ]
    },
    "recall": {
        "LR": [
            1.0,
            0.9934640522875817,
            0.9469026548672567,
            0.9611650485436893,
            1.0,
            0.9354838709677419,
            0.4576271186440678,
            0.9012345679012346,
            0.9653179190751445,
            1.0,
            0.7096774193548387
        ],
        "MST": [
            0.9578947368421052,
            0.9891500904159132,
            0.941747572815534,
            0.9967373572593801,
            0.9956896551724138,
            0.9428571428571428,
            0.967930029154519,
            0.9327731092436975,
            0.9634146341463414,
            0.9949748743718593,
            0.9698340874811463
        ],
        "TS": [
            0.8235294117647058,
            0.7457627118644068,
            0.7551020408163265,
            0.9354838709677419,
            0.5714285714285714,
            0.5631067961165048,
            0.5348837209302325,
            0.7162162162162162,
            0.5202702702702703,
            0.345679012345679,
            0.5222222222222223
        ],
        "PSW": [
            1.0,
            0.967391304347826,
            1.0,
            0.9137931034482759,
            1.0,
            1.0,
            0.9545454545454546,
            1.0,
            0.961038961038961,
            1.0,
            0.8407079646017699
        ],
        "SW": [
            0.9658273381294964,
            0.9858657243816255,
            0.9748571428571429,
            0.9509433962264151,
            0.9228130360205832,
            0.9878787878787879,
            0.9869067103109657,
            0.9772727272727273,
            0.9698025551684089,
            0.9750367107195301,
            0.9666329625884732
        ]
    },
    "f1": {
        "LR": [
            0.7,
            0.9589905362776026,
            0.9184549356223176,
            0.8959276018099548,
            0.36923076923076925,
            0.7837837837837838,
            0.5934065934065934,
            0.73,
            0.9277777777777778,
            0.875,
            0.7508532423208191
        ],
        "MST": [
            0.978494623655914,
            0.9724444444444444,
            0.9572368421052632,
            0.9983660130718954,
            0.8619402985074627,
            0.9252336448598131,
            0.9286713286713286,
            0.9396825396825397,
            0.915057915057915,
            0.7160940325497287,
            0.9547141796585004
        ],
        "TS": [
            0.6511627906976745,
            0.8380952380952381,
            0.6491228070175439,
            0.8529411764705882,
            0.7272727272727273,
            0.7204968944099379,
            0.6865671641791045,
            0.8217054263565892,
            0.652542372881356,
            0.5137614678899083,
            0.6025641025641025
        ],
        "PSW": [
            0.8787878787878788,
            0.9270833333333334,
            0.9103448275862069,
            0.803030303030303,
            0.9041095890410958,
            0.8421052631578947,
            0.7241379310344828,
            0.9673202614379085,
            0.8654970760233918,
            0.9032258064516129,
            0.7335907335907336
        ],
        "SW": [
            0.9826166514181153,
            0.9928825622775801,
            0.9838523644752019,
            0.9723472668810289,
            0.9598572702943801,
            0.9841509433962264,
            0.9804878048780488,
            0.9885057471264368,
            0.9829311359623308,
            0.9873605947955391,
            0.973027989821883
        ]
    },
    "specificity": {
        "LR": [
            0.9816700610997964,
            0.9925558312655087,
            0.9919154228855721,
            0.9873079492317969,
            0.9599217986314761,
            0.988477366255144,
            0.9953874538745388,
            0.9664723032069971,
            0.9873257287705957,
            0.9896995708154507,
            0.9849056603773585
        ],
        "MST": [
            1.0,
            0.9793729372937293,
            0.985494106980961,
            1.0,
            0.9090909090909091,
            0.9515738498789347,
            0.95,
            0.9744114636642784,
            0.9444003177124702,
            0.8452380952380952,
            0.9695619896065331
        ],
        "TS": [
            0.9878296146044625,
            0.9975713418336369,
            0.9832535885167464,
            0.9949012109623965,
            1.0,
            1.0,
            0.9981078524124882,
            0.9985496736765772,
            0.9931378665003119,
            1.0,
            0.9901041666666667
        ],
        "PSW": [
            0.9917864476386037,
            0.9934249850567842,
            0.9921450151057402,
            0.9863813229571985,
            0.9930139720558883,
            0.9901153212520593,
            0.9727024567788899,
            0.9963741841914431,
            0.98805256869773,
            0.992274678111588,
            0.9731154454401687
        ],
        "SW": [
            1.0,
            1.0,
            0.9929078014184397,
            0.9950310559006211,
            1.0,
            0.9778156996587031,
            0.9699248120300752,
            1.0,
            0.996629213483146,
            1.0,
            0.980411361410382
        ]
    }
}