{
    "accuracy": [
        0.6995932597327136,
        0.6550724637681159,
        0.7349081364829396,
        0.707876370887338,
        0.7671641791044777,
        0.6709470304975923,
        0.8534067446662078,
        0.6785418392709196,
        0.7745042492917847,
        0.748125,
        0.7178754997144489
    ],
    "precision": {
        "LR": [
            0.49748743718592964,
            0.07894736842105263,
            0.3732394366197183,
            0.20833333333333334,
            0.6318181818181818,
            0.20610687022900764,
            0.5873015873015873,
            0.375,
            0.5708661417322834,
            0.6827586206896552,
            0.639269406392694
        ],
        "MST": [
            0.9448529411764706,
            0.5526315789473685,
            0.6896551724137931,
            0.8938547486033519,
            0.8942598187311178,
            0.8125,
            0.9695121951219512,
            0.36619718309859156,
            0.928030303030303,
            0.756701030927835,
            0.8
        ],
        "TS": [
            0.30337078651685395,
            0.9090909090909091,
            0.7313432835820896,
            0.05128205128205128,
            0.589041095890411,
            0.796875,
            0.7647058823529411,
            0.9302325581395349,
            0.8089887640449438,
            0.35384615384615387,
            0.7204301075268817
        ],
        "PSW": [
            0.2747747747747748,
            0.22330097087378642,
            0.33613445378151263,
            0.2967032967032967,
            0.3595890410958904,
            0.1657754010695187,
            0.6238532110091743,
            0.3333333333333333,
            0.3346613545816733,
            0.34782608695652173,
            0.22910216718266255
        ],
        "SW": [
            0.8093716719914803,
            0.8324514991181657,
            0.9228130360205832,
            0.8377926421404682,
            0.876599634369287,
            0.8464673913043478,
            0.8856447688564477,
            0.8431654676258993,
            0.9051819184123484,
            0.8604954367666232,
            0.8923418423973363
        ]
    },
    "recall": {
        "LR": [
            0.8761061946902655,
            0.75,
            0.8983050847457628,
            0.9523809523809523,
            0.896774193548387,
            0.8709677419354839,
            0.9135802469135802,
            0.8571428571428571,
            0.9477124183006536,
            0.9611650485436893,
            0.8092485549132948
        ],
        "MST": [
            0.41585760517799353,
            0.3620689655172414,
            0.46647230320699706,
            0.42105263157894735,
            0.4464555052790347,
            0.24761904761904763,
            0.6680672268907563,
            0.39195979899497485,
            0.4430379746835443,
            0.598694942903752,
            0.34959349593495936
        ],
        "TS": [
            0.5510204081632653,
            0.5142857142857142,
            0.5697674418604651,
            0.11764705882352941,
            0.4777777777777778,
            0.49514563106796117,
            0.7027027027027027,
            0.3292181069958848,
            0.6101694915254238,
            0.7419354838709677,
            0.4527027027027027
        ],
        "PSW": [
            0.9242424242424242,
            0.696969696969697,
            0.9090909090909091,
            0.9310344827586207,
            0.9292035398230089,
            0.96875,
            0.918918918918919,
            0.9285714285714286,
            0.9130434782608695,
            0.8275862068965517,
            0.961038961038961
        ],
        "SW": [
            0.8685714285714285,
            0.8096054888507719,
            0.8805237315875614,
            0.9010791366906474,
            0.9696663296258847,
            0.943939393939394,
            0.9732620320855615,
            0.8604992657856094,
            0.967020023557126,
            0.8301886792452831,
            0.9337979094076655
        ]
    },
    "f1": {
        "LR": [
            0.6346153846153846,
            0.14285714285714285,
            0.527363184079602,
            0.3418803418803419,
            0.7413333333333333,
            0.3333333333333333,
            0.714975845410628,
            0.5217391304347826,
            0.7125307125307125,
            0.7983870967741935,
            0.7142857142857143
        ],
        "MST": [
            0.5775280898876405,
            0.4375,
            0.5565217391304348,
            0.5724508050089445,
            0.5955734406438632,
            0.3795620437956204,
            0.7910447761194029,
            0.3786407766990291,
            0.5997552019583844,
            0.668488160291439,
            0.48656294200848654
        ],
        "TS": [
            0.391304347826087,
            0.656934306569343,
            0.6405228758169934,
            0.07142857142857142,
            0.5276073619631901,
            0.6107784431137725,
            0.7323943661971831,
            0.48632218844984804,
            0.6956521739130435,
            0.4791666666666667,
            0.5560165975103735
        ],
        "PSW": [
            0.4236111111111111,
            0.3382352941176471,
            0.49079754601226994,
            0.45,
            0.5185185185185185,
            0.2831050228310502,
            0.7431693989071039,
            0.49056603773584906,
            0.4897959183673469,
            0.4897959183673469,
            0.37
        ],
        "SW": [
            0.8379272326350606,
            0.8208695652173913,
            0.9011725293132329,
            0.8682842287694974,
            0.9207873259721555,
            0.8925501432664756,
            0.9273885350318471,
            0.8517441860465116,
            0.9350797266514806,
            0.8450704225352113,
            0.9125993189557321
        ]
    },
    "specificity": {
        "LR": [
            0.9378109452736318,
            0.8973607038123167,
            0.9178966789667896,
            0.9226069246435845,
            0.9563342318059299,
            0.91440329218107,
            0.9620991253644315,
            0.9484978540772532,
            0.9323821339950372,
            0.9692718770875084,
            0.949936628643853
        ],
        "MST": [
            0.986400725294651,
            0.9153175591531756,
            0.91,
            0.9695024077046549,
            0.9740163325909429,
            0.9709443099273608,
            0.9897645854657113,
            0.8660714285714286,
            0.9843234323432343,
            0.8804457953394124,
            0.965845909451946
        ],
        "TS": [
            0.9629186602870813,
            0.9895348837209302,
            0.9829706717123936,
            0.962474645030426,
            0.984375,
            0.9886264216972879,
            0.9883973894126178,
            0.9937759336099585,
            0.9896782027929569,
            0.9732313575525813,
            0.98378041172801
        ],
        "PSW": [
            0.9027190332326284,
            0.9201596806387226,
            0.9281164695177434,
            0.9342915811088296,
            0.9014232999472852,
            0.871499176276771,
            0.9702683103698332,
            0.9330472103004291,
            0.9001793185893604,
            0.9416342412451362,
            0.8512544802867383
        ],
        "SW": [
            0.7884160756501182,
            0.7898230088495575,
            0.9154135338345865,
            0.7829977628635347,
            0.8677766895200784,
            0.8071672354948806,
            0.8666666666666667,
            0.7927756653992395,
            0.9061135371179039,
            0.867080745341615,
            0.8910112359550562
        ]
    }
}