{
    "accuracy": [
        0.9567600487210719,
        0.879412931376438
    ],
    "precision": {
        "LR": [
            0.9228723404255319,
            0.8933333333333333
        ],
        "MST": [
            0.9625570776255707,
            0.9937888198757764
        ],
        "TS": [
            0.55,
            0.022058823529411766
        ],
        "PSW": [
            0.9323529411764706,
            0.9653179190751445
        ],
        "SW": [
            0.9783670621074668,
            0.9966859983429992
        ]
    },
    "recall": {
        "LR": [
            0.8589108910891089,
            0.9901477832512315
        ],
        "MST": [
            0.9971617786187322,
            0.6926406926406926
        ],
        "TS": [
            0.3793103448275862,
            0.46153846153846156
        ],
        "PSW": [
            0.9005681818181818,
            0.9881656804733728
        ],
        "SW": [
            0.9922151450813871,
            0.9925742574257426
        ]
    },
    "f1": {
        "LR": [
            0.8897435897435897,
            0.9392523364485982
        ],
        "MST": [
            0.9795539033457249,
            0.8163265306122449
        ],
        "TS": [
            0.4489795918367347,
            0.042105263157894736
        ],
        "PSW": [
            0.9161849710982659,
            0.9766081871345029
        ],
        "SW": [
            0.9852424455375967,
            0.9946258784621744
        ]
    },
    "specificity": {
        "LR": [
            0.9899305555555555,
            0.9896462467644521
        ],
        "MST": [
            0.9815895823978447,
            0.9974953036944271
        ],
        "TS": [
            0.9944203347799132,
            0.8939393939393939
        ],
        "PSW": [
            0.9921555252387448,
            0.9974489795918368
        ],
        "SW": [
            0.9834313201496526,
            0.9969442322383499
        ]
    }
}