{
    "accuracy": [
        0.9604141291108405,
        0.9873066243554145
    ],
    "precision": {
        "LR": [
            0.9942528735632183,
            0.995049504950495
        ],
        "MST": [
            0.9990439770554493,
            1.0
        ],
        "TS": [
            0.4634146341463415,
            0.30303030303030304
        ],
        "PSW": [
            0.9966216216216216,
            0.9822485207100592
        ],
        "SW": [
            0.9592114208021754,
            0.9958915365653246
        ]
    },
    "recall": {
        "LR": [
            0.8564356435643564,
            0.9901477832512315
        ],
        "MST": [
            0.988647114474929,
            0.974025974025974
        ],
        "TS": [
            0.9827586206896551,
            0.7692307692307693
        ],
        "PSW": [
            0.8380681818181818,
            0.9822485207100592
        ],
        "SW": [
            0.9985845718329794,
            1.0
        ]
    },
    "f1": {
        "LR": [
            0.9202127659574468,
            0.9925925925925926
        ],
        "MST": [
            0.9938183547313362,
            0.9868421052631579
        ],
        "TS": [
            0.6298342541436464,
            0.43478260869565216
        ],
        "PSW": [
            0.9104938271604939,
            0.9822485207100592
        ],
        "SW": [
            0.978502080443828,
            0.9979415397282833
        ]
    },
    "specificity": {
        "LR": [
            0.9993055555555556,
            0.9995685936151855
        ],
        "MST": [
            0.9995509654243376,
            1.0
        ],
        "TS": [
            0.9795412275263484,
            0.990829346092504
        ],
        "PSW": [
            0.9996589358799455,
            0.9987244897959183
        ],
        "SW": [
            0.9679315873864244,
            0.9961802902979373
        ]
    }
}