{
    "accuracy": [
        0.9677222898903776,
        0.9781832606108687
    ],
    "precision": {
        "LR": [
            0.979539641943734,
            0.9804878048780488
        ],
        "MST": [
            0.9932821497120922,
            1.0
        ],
        "TS": [
            0.4426229508196721,
            0.22727272727272727
        ],
        "PSW": [
            0.98989898989899,
            0.9277777777777778
        ],
        "SW": [
            0.9860335195530726,
            0.9967023907666942
        ]
    },
    "recall": {
        "LR": [
            0.948019801980198,
            0.9901477832512315
        ],
        "MST": [
            0.97918637653737,
            0.9512987012987013
        ],
        "TS": [
            0.9310344827586207,
            0.7692307692307693
        ],
        "PSW": [
            0.8352272727272727,
            0.9881656804733728
        ],
        "SW": [
            0.9992922859164898,
            0.9975247524752475
        ]
    },
    "f1": {
        "LR": [
            0.9635220125786164,
            0.9852941176470589
        ],
        "MST": [
            0.9861838970938542,
            0.9750415973377704
        ],
        "TS": [
            0.6,
            0.3508771929824561
        ],
        "PSW": [
            0.9060092449922958,
            0.9570200573065902
        ],
        "SW": [
            0.9926186291739895,
            0.9971134020618557
        ]
    },
    "specificity": {
        "LR": [
            0.9972222222222222,
            0.998274374460742
        ],
        "MST": [
            0.9968567579703638,
            1.0
        ],
        "TS": [
            0.9789212647241166,
            0.9864433811802232
        ],
        "PSW": [
            0.9989768076398363,
            0.9944727891156463
        ],
        "SW": [
            0.9893105291288081,
            0.9969442322383499
        ]
    }
}