{
    "accuracy": [
        0.9884966283220944,
        0.9777710109622412
    ],
    "precision": {
        "LR": [
            0.9950248756218906,
            0.9971751412429378
        ],
        "MST": [
            0.9978142076502732,
            0.9943342776203966
        ],
        "TS": [
            0.6153846153846154,
            0.796875
        ],
        "PSW": [
            0.912568306010929,
            0.9553072625698324
        ],
        "SW": [
            0.9958643507030603,
            0.9744651483781919
        ]
    },
    "recall": {
        "LR": [
            0.9852216748768473,
            0.8737623762376238
        ],
        "MST": [
            0.9880952380952381,
            0.9962157048249763
        ],
        "TS": [
            0.6153846153846154,
            0.8793103448275862
        ],
        "PSW": [
            0.9881656804733728,
            0.9715909090909091
        ],
        "SW": [
            0.9933993399339934,
            0.9992922859164898
        ]
    },
    "f1": {
        "LR": [
            0.9900990099009901,
            0.9313984168865436
        ],
        "MST": [
            0.9929309407286568,
            0.995274102079395
        ],
        "TS": [
            0.6153846153846154,
            0.8360655737704918
        ],
        "PSW": [
            0.9488636363636364,
            0.9633802816901409
        ],
        "SW": [
            0.9946303180503924,
            0.986722571628232
        ]
    },
    "specificity": {
        "LR": [
            0.9995685936151855,
            0.9996527777777777
        ],
        "MST": [
            0.9987476518472135,
            0.997305792546026
        ],
        "TS": [
            0.998006379585327,
            0.9959702417854929
        ],
        "PSW": [
            0.9931972789115646,
            0.9945429740791268
        ],
        "SW": [
            0.9961802902979373,
            0.980224478888295
        ]
    }
}