{
    "accuracy": [
        0.9912733042443475,
        0.993605359317905
    ],
    "precision": {
        "LR": [
            1.0,
            0.9974811083123426
        ],
        "MST": [
            0.9978401727861771,
            0.9990539262062441
        ],
        "TS": [
            0.8571428571428571,
            0.8769230769230769
        ],
        "PSW": [
            0.9691358024691358,
            0.9913294797687862
        ],
        "SW": [
            0.9893529893529893,
            0.9943622269203665
        ]
    },
    "recall": {
        "LR": [
            0.9753694581280788,
            0.9801980198019802
        ],
        "MST": [
            1.0,
            0.9990539262062441
        ],
        "TS": [
            0.9230769230769231,
            0.9827586206896551
        ],
        "PSW": [
            0.9289940828402367,
            0.9744318181818182
        ],
        "SW": [
            0.9966996699669967,
            0.9985845718329794
        ]
    },
    "f1": {
        "LR": [
            0.9875311720698254,
            0.9887640449438202
        ],
        "MST": [
            0.9989189189189189,
            0.9990539262062441
        ],
        "TS": [
            0.8888888888888888,
            0.926829268292683
        ],
        "PSW": [
            0.9486404833836858,
            0.9828080229226361
        ],
        "SW": [
            0.9930127414714345,
            0.9964689265536724
        ]
    },
    "specificity": {
        "LR": [
            1.0,
            0.9996527777777777
        ],
        "MST": [
            0.9987476518472135,
            0.9995509654243376
        ],
        "TS": [
            0.9992025518341308,
            0.9975201487910725
        ],
        "PSW": [
            0.997874149659864,
            0.9989768076398363
        ],
        "SW": [
            0.9900687547746372,
            0.9957242116515232
        ]
    }
}