{
    "accuracy": [
        0.8730662435541452,
        0.8788063337393422
    ],
    "precision": {
        "LR": [
            0.821917808219178,
            0.9649595687331537
        ],
        "MST": [
            0.9061085972850679,
            0.945273631840796
        ],
        "TS": [
            0.0546875,
            0.11641791044776119
        ],
        "PSW": [
            0.9157894736842105,
            0.9454022988505747
        ],
        "SW": [
            0.9353312302839116,
            0.9817671809256662
        ]
    },
    "recall": {
        "LR": [
            0.5911330049261084,
            0.8861386138613861
        ],
        "MST": [
            0.8668831168831169,
            0.7190160832544938
        ],
        "TS": [
            0.5384615384615384,
            0.6724137931034483
        ],
        "PSW": [
            0.514792899408284,
            0.9346590909090909
        ],
        "SW": [
            0.9785478547854786,
            0.9907997169143666
        ]
    },
    "f1": {
        "LR": [
            0.6876790830945558,
            0.9238709677419354
        ],
        "MST": [
            0.8860619469026548,
            0.8167651800107469
        ],
        "TS": [
            0.09929078014184398,
            0.1984732824427481
        ],
        "PSW": [
            0.6590909090909091,
            0.94
        ],
        "SW": [
            0.9564516129032258,
            0.9862627685804861
        ]
    },
    "specificity": {
        "LR": [
            0.9887834339948232,
            0.9954861111111111
        ],
        "MST": [
            0.9480275516593613,
            0.9802424786708577
        ],
        "TS": [
            0.9517543859649122,
            0.9082455052696838
        ],
        "PSW": [
            0.9965986394557823,
            0.9935197817189632
        ],
        "SW": [
            0.9373567608861727,
            0.9861036878674505
        ]
    }
}