{
    "accuracy": [
        0.993605359317905,
        0.9912733042443475
    ],
    "precision": {
        "LR": [
            0.9974811083123426,
            1.0
        ],
        "MST": [
            0.9990539262062441,
            0.9978401727861771
        ],
        "TS": [
            0.8769230769230769,
            0.8571428571428571
        ],
        "PSW": [
            0.9913294797687862,
            0.9691358024691358
        ],
        "SW": [
            0.9943622269203665,
            0.9893529893529893
        ]
    },
    "recall": {
        "LR": [
            0.9801980198019802,
            0.9753694581280788
        ],
        "MST": [
            0.9990539262062441,
            1.0
        ],
        "TS": [
            0.9827586206896551,
            0.9230769230769231
        ],
        "PSW": [
            0.9744318181818182,
            0.9289940828402367
        ],
        "SW": [
            0.9985845718329794,
            0.9966996699669967
        ]
    },
    "f1": {
        "LR": [
            0.9887640449438202,
            0.9875311720698254
        ],
        "MST": [
            0.9990539262062441,
            0.9989189189189189
        ],
        "TS": [
            0.926829268292683,
            0.8888888888888888
        ],
        "PSW": [
            0.9828080229226361,
            0.9486404833836858
        ],
        "SW": [
            0.9964689265536724,
            0.9930127414714345
        ]
    },
    "specificity": {
        "LR": [
            0.9996527777777777,
            1.0
        ],
        "MST": [
            0.9995509654243376,
            0.9987476518472135
        ],
        "TS": [
            0.9975201487910725,
            0.9992025518341308
        ],
        "PSW": [
            0.9989768076398363,
            0.997874149659864
        ],
        "SW": [
            0.9957242116515232,
            0.9900687547746372
        ]
    }
}