{
    "accuracy": [
        0.98721071863581,
        0.9952399841332804
    ],
    "precision": {
        "LR": [
            0.9901719901719902,
            1.0
        ],
        "MST": [
            1.0,
            0.9989189189189189
        ],
        "TS": [
            0.6551724137931034,
            1.0
        ],
        "PSW": [
            0.9914040114613181,
            0.9545454545454546
        ],
        "SW": [
            0.9964664310954063,
            0.9975186104218362
        ]
    },
    "recall": {
        "LR": [
            0.9975247524752475,
            0.9901477832512315
        ],
        "MST": [
            0.9706717123935666,
            1.0
        ],
        "TS": [
            0.9827586206896551,
            0.7692307692307693
        ],
        "PSW": [
            0.9829545454545454,
            0.9940828402366864
        ],
        "SW": [
            0.9978768577494692,
            0.995049504950495
        ]
    },
    "f1": {
        "LR": [
            0.9938347718865598,
            0.995049504950495
        ],
        "MST": [
            0.985117618819011,
            0.9994591671173607
        ],
        "TS": [
            0.7862068965517242,
            0.8695652173913043
        ],
        "PSW": [
            0.9871611982881597,
            0.9739130434782609
        ],
        "SW": [
            0.9971711456859972,
            0.9962825278810409
        ]
    },
    "specificity": {
        "LR": [
            0.9986111111111111,
            1.0
        ],
        "MST": [
            1.0,
            0.9993738259236068
        ],
        "TS": [
            0.990700557966522,
            1.0
        ],
        "PSW": [
            0.9989768076398363,
            0.9965986394557823
        ],
        "SW": [
            0.997327632282202,
            0.9977081741787625
        ]
    }
}